#
# A fatal error has been detected by the Java Runtime Environment:
#
#  EXCEPTION_ACCESS_VIOLATION (0xc0000005) at pc=0x00007ffb6b0de0a9, pid=8648, tid=12240
#
# JRE version: OpenJDK Runtime Environment Microsoft-8035246 (17.0.8+7) (build 17.0.8+7-LTS)
# Java VM: OpenJDK 64-Bit Server VM Microsoft-8035246 (17.0.8+7-LTS, mixed mode, sharing, tiered, compressed oops, compressed class ptrs, g1 gc, windows-amd64)
# Problematic frame:
# V  [jvm.dll+0x2be0a9]
#
# No core dump will be written. Minidumps are not enabled by default on client versions of Windows
#
# If you would like to submit a bug report, please visit:
#   https://github.com/microsoft/openjdk/issues
#

---------------  S U M M A R Y ------------

Command Line: -XX:MaxMetaspaceSize=512m --add-opens=java.base/java.util=ALL-UNNAMED --add-opens=java.base/java.lang=ALL-UNNAMED --add-opens=java.base/java.lang.invoke=ALL-UNNAMED --add-opens=java.prefs/java.util.prefs=ALL-UNNAMED --add-opens=java.base/java.nio.charset=ALL-UNNAMED --add-opens=java.base/java.net=ALL-UNNAMED --add-opens=java.base/java.util.concurrent.atomic=ALL-UNNAMED -Xmx2048m -Dfile.encoding=windows-1252 -Duser.country=US -Duser.language=en -Duser.variant -javaagent:C:\Users\pc\.gradle\wrapper\dists\gradle-8.8-all\6gdy1pgp427xkqcjbxw3ylt6h\gradle-8.8\lib\agents\gradle-instrumentation-agent-8.8.jar org.gradle.launcher.daemon.bootstrap.GradleDaemon 8.8

Host: Intel(R) Core(TM) i5-6600 CPU @ 3.30GHz, 4 cores, 15G,  Windows 10 , 64 bit Build 19041 (10.0.19041.4957)
Time: Tue Oct 22 08:13:41 2024 Pakistan Standard Time elapsed time: 19.629873 seconds (0d 0h 0m 19s)

---------------  T H R E A D  ---------------

Current thread (0x00000243b69c8f40):  JavaThread "C2 CompilerThread1" daemon [_thread_in_native, id=12240, stack(0x000000b71b700000,0x000000b71b800000)]


Current CompileTask:
C2:  19629 10582       4       org.gradle.cache.internal.ExclusiveCacheAccessingWorker$1::call (10 bytes)

Stack: [0x000000b71b700000,0x000000b71b800000],  sp=0x000000b71b7fb530,  free space=1005k
Native frames: (J=compiled Java code, j=interpreted, Vv=VM code, C=native code)
V  [jvm.dll+0x2be0a9]
V  [jvm.dll+0x21ba8b]
V  [jvm.dll+0x21944b]
V  [jvm.dll+0x1a56b6]
V  [jvm.dll+0x2291ea]
V  [jvm.dll+0x22724c]
V  [jvm.dll+0x7efd0c]
V  [jvm.dll+0x7ea13a]
V  [jvm.dll+0x67ad85]
C  [ucrtbase.dll+0x21bb2]
C  [KERNEL32.DLL+0x17374]
C  [ntdll.dll+0x4cc91]


siginfo: EXCEPTION_ACCESS_VIOLATION (0xc0000005), reading address 0x0000000000000028


Register to memory mapping:

RIP=0x00007ffb6b0de0a9 jvm.dll
RAX=0x00000243b782e3b0 points into unknown readable memory: 0x0000000000000000 | 00 00 00 00 00 00 00 00
RBX=0x00000000000017dc is an unknown value
RCX=0x0 is NULL
RDX=0x0 is NULL
RSP=0x000000b71b7fb530 is pointing into the stack for thread: 0x00000243b69c8f40
RBP=0x000000b71b7fb5a0 is pointing into the stack for thread: 0x00000243b69c8f40
RSI=0x0 is NULL
RDI=0x0000000000000048 is an unknown value
R8 =0x000000000000ffe0 is an unknown value
R9 =0x0 is NULL
R10=0x00007ffb6bbf0000 VCRUNTIME140.dll
R11=0x00000243b782e3d0 points into unknown readable memory: 0x0000000000000000 | 00 00 00 00 00 00 00 00
R12=0x0000000000000050 is an unknown value
R13=0x0 is NULL
R14=0x0 is NULL
R15=0x000000b71b7fe750 is pointing into the stack for thread: 0x00000243b69c8f40


Registers:
RAX=0x00000243b782e3b0, RBX=0x00000000000017dc, RCX=0x0000000000000000, RDX=0x0000000000000000
RSP=0x000000b71b7fb530, RBP=0x000000b71b7fb5a0, RSI=0x0000000000000000, RDI=0x0000000000000048
R8 =0x000000000000ffe0, R9 =0x0000000000000000, R10=0x00007ffb6bbf0000, R11=0x00000243b782e3d0
R12=0x0000000000000050, R13=0x0000000000000000, R14=0x0000000000000000, R15=0x000000b71b7fe750
RIP=0x00007ffb6b0de0a9, EFLAGS=0x0000000000010202

Top of Stack: (sp=0x000000b71b7fb530)
0x000000b71b7fb530:   00000000000017dc 0000000000000000
0x000000b71b7fb540:   000000b71b7fe750 00007ffb6b0438d1
0x000000b71b7fb550:   00000243b6a3c240 00007ffb00002000
0x000000b71b7fb560:   00000243b782e3b0 0000000000000000
0x000000b71b7fb570:   0000000000000002 00000243b618e1e0
0x000000b71b7fb580:   0000000000000002 00000243b6a3c240
0x000000b71b7fb590:   0000000000000000 0000000000000000
0x000000b71b7fb5a0:   00000243b6b4eeb0 00000243f53ba120
0x000000b71b7fb5b0:   0000000000000048 00007ffb6b764c08
0x000000b71b7fb5c0:   000000b71b7fb6d0 00007ffb6b03ba8b
0x000000b71b7fb5d0:   000000b71b7fe750 00007ffb6b764c08
0x000000b71b7fb5e0:   000000b71b7fe750 000000b71b7fb6d0
0x000000b71b7fb5f0:   000000b700000000 000000b71b7ff2b0
0x000000b71b7fb600:   000000b70000000f 000000b71b7fe750
0x000000b71b7fb610:   000000b71b7fb780 00007ffb00000000
0x000000b71b7fb620:   0000024300000100 00007ffb6b764c08 

Instructions: (pc=0x00007ffb6b0de0a9)
0x00007ffb6b0ddfa9:   3b d0 75 0b ff c1 41 3b c9 7c dc 48 8b c2 c3 33
0x00007ffb6b0ddfb9:   c0 c3 cc cc cc cc cc 48 89 5c 24 18 55 56 57 41
0x00007ffb6b0ddfc9:   55 41 57 48 8b ec 48 83 ec 70 65 48 8b 04 25 58
0x00007ffb6b0ddfd9:   00 00 00 48 8b f2 44 8b 05 d2 8b 90 00 4c 8b f9
0x00007ffb6b0ddfe9:   4a 8b 1c c0 b8 50 00 00 00 80 3c 18 00 75 05 e8
0x00007ffb6b0ddff9:   8b 6f 5d 00 b8 20 00 00 00 48 8b 04 18 48 8b 98
0x00007ffb6b0de009:   38 02 00 00 48 89 5d b0 c7 45 b8 04 00 00 00 48
0x00007ffb6b0de019:   8b 43 18 48 83 f8 df 76 18 4c 8d 05 37 a9 65 00
0x00007ffb6b0de029:   ba 20 00 00 00 48 8b cb e8 5a eb de ff 48 8b 43
0x00007ffb6b0de039:   18 48 8d 48 20 48 3b 4b 20 76 11 45 33 c0 48 8b
0x00007ffb6b0de049:   cb 41 8d 50 20 e8 fd e8 de ff eb 04 48 89 4b 18
0x00007ffb6b0de059:   44 8b 45 b8 33 d2 49 c1 e0 03 48 8b c8 48 89 45
0x00007ffb6b0de069:   c0 e8 e3 80 5d 00 45 33 ed 48 8d 4d d0 44 89 6d
0x00007ffb6b0de079:   c8 e8 01 59 56 00 41 8b 9f 40 02 00 00 41 2b 9f
0x00007ffb6b0de089:   68 02 00 00 44 89 6d f0 3b 5d b8 72 0b 8b d3 48
0x00007ffb6b0de099:   8d 4d b0 e8 6f b3 39 00 48 8b 45 c0 4c 89 2c d8
0x00007ffb6b0de0a9:   8b 7e 28 8b df c1 eb 05 3b 5d d0 72 0b 8b d3 48
0x00007ffb6b0de0b9:   8d 4d d0 e8 1f 59 56 00 48 8b 45 d8 83 e7 1f 48
0x00007ffb6b0de0c9:   8d 14 98 40 0f b6 cf 41 b8 01 00 00 00 41 d3 e0
0x00007ffb6b0de0d9:   8b 0a 8b c1 41 0b c0 89 02 41 85 c8 75 21 8b 5d
0x00007ffb6b0de0e9:   c8 8d 43 01 89 45 c8 3b 5d b8 72 0b 8b d3 48 8d
0x00007ffb6b0de0f9:   4d b0 e8 10 b3 39 00 48 8b 45 c0 48 89 34 d8 44
0x00007ffb6b0de109:   39 6d c8 0f 86 77 01 00 00 4c 89 a4 24 a0 00 00
0x00007ffb6b0de119:   00 4c 89 b4 24 a8 00 00 00 48 8b 45 c0 41 8b cd
0x00007ffb6b0de129:   48 8b 34 c8 8b 46 2c 25 ff 1f 00 00 3d 04 10 00
0x00007ffb6b0de139:   00 0f 85 a7 00 00 00 bb 01 00 00 00 39 5e 18 76
0x00007ffb6b0de149:   39 66 0f 1f 44 00 00 48 8b 46 08 8b cb 48 8b 14
0x00007ffb6b0de159:   c8 48 85 d2 74 1d 48 83 7a 10 00 74 16 80 7a 2c
0x00007ffb6b0de169:   84 74 10 e8 7f 7e ee ff 48 8b d0 49 8b cf e8 a4
0x00007ffb6b0de179:   61 f6 ff ff c3 3b 5e 18 72 cd 48 8b 5e 10 8b 46
0x00007ffb6b0de189:   20 4c 8d 34 c3 49 3b de 73 54 48 8b 3b 8b 47 2c
0x00007ffb6b0de199:   83 e0 03 3c 03 75 2e 48 8b 07 48 8b cf ff 90 88 


Stack slot to memory mapping:
stack at sp + 0 slots: 0x00000000000017dc is an unknown value
stack at sp + 1 slots: 0x0 is NULL
stack at sp + 2 slots: 0x000000b71b7fe750 is pointing into the stack for thread: 0x00000243b69c8f40
stack at sp + 3 slots: 0x00007ffb6b0438d1 jvm.dll
stack at sp + 4 slots: 0x00000243b6a3c240 points into unknown readable memory: 0x0000000000000006 | 06 00 00 00 00 00 00 00
stack at sp + 5 slots: 0x00007ffb00002000 is an unknown value
stack at sp + 6 slots: 0x00000243b782e3b0 points into unknown readable memory: 0x0000000000000000 | 00 00 00 00 00 00 00 00
stack at sp + 7 slots: 0x0 is NULL


---------------  P R O C E S S  ---------------

Threads class SMR info:
_java_thread_list=0x00000243b60d88b0, length=89, elements={
0x00000243f53a3150, 0x00000243fff97460, 0x00000243fff981f0, 0x00000243fffacbd0,
0x00000243fffaf870, 0x00000243fffb12b0, 0x00000243fffb1b80, 0x00000243fffb2830,
0x00000243b21593e0, 0x00000243b21618f0, 0x00000243fff82bb0, 0x00000243b2391a90,
0x00000243b3c25be0, 0x00000243b38fb090, 0x00000243b39a0020, 0x00000243b3a0c5b0,
0x00000243b3af1010, 0x00000243b3cad310, 0x00000243b3cad820, 0x00000243b3cadd30,
0x00000243b3cac8f0, 0x00000243b3cac3e0, 0x00000243b43870b0, 0x00000243b4387fe0,
0x00000243b43875c0, 0x00000243b43884f0, 0x00000243b4387ad0, 0x00000243b4388a00,
0x00000243b4388f10, 0x00000243b4386690, 0x00000243b4389420, 0x00000243b4385c70,
0x00000243b4386ba0, 0x00000243b54fe9c0, 0x00000243b54fdfa0, 0x00000243b54fa7f0,
0x00000243b54fb210, 0x00000243b54f93b0, 0x00000243b54fb720, 0x00000243b54feed0,
0x00000243b54fad00, 0x00000243b54fa2e0, 0x00000243b54f7f70, 0x00000243b54fbc30,
0x00000243b54fcb60, 0x00000243b54f8ea0, 0x00000243b54fc140, 0x00000243b54fd070,
0x00000243b54fe4b0, 0x00000243b54fc650, 0x00000243b54fd580, 0x00000243b69c8f40,
0x00000243b54f8480, 0x00000243b54f8990, 0x00000243b54f98c0, 0x00000243b61867d0,
0x00000243b6186ce0, 0x00000243b6182600, 0x00000243b6187c10, 0x00000243b6183020,
0x00000243b6185db0, 0x00000243b61862c0, 0x00000243b61871f0, 0x00000243b6187700,
0x00000243b61811c0, 0x00000243b6182b10, 0x00000243b6188630, 0x00000243b6188b40,
0x00000243b6188120, 0x00000243b61816d0, 0x00000243b6183530, 0x00000243b6183a40,
0x00000243b6181be0, 0x00000243b6183f50, 0x00000243b6185390, 0x00000243b6184460,
0x00000243b61820f0, 0x00000243b6184970, 0x00000243b6184e80, 0x00000243b61858a0,
0x00000243b2dd3250, 0x00000243b2dd4690, 0x00000243b2dd2830, 0x00000243b2dcf080,
0x00000243b2dd4ba0, 0x00000243b2dd50b0, 0x00000243b2dd0ee0, 0x00000243b2dd1900,
0x00000243b2dd04c0
}

Java Threads: ( => current thread )
  0x00000243f53a3150 JavaThread "main" [_thread_blocked, id=6540, stack(0x000000b718400000,0x000000b718500000)]
  0x00000243fff97460 JavaThread "Reference Handler" daemon [_thread_blocked, id=4856, stack(0x000000b718b00000,0x000000b718c00000)]
  0x00000243fff981f0 JavaThread "Finalizer" daemon [_thread_blocked, id=4836, stack(0x000000b718c00000,0x000000b718d00000)]
  0x00000243fffacbd0 JavaThread "Signal Dispatcher" daemon [_thread_blocked, id=15984, stack(0x000000b718d00000,0x000000b718e00000)]
  0x00000243fffaf870 JavaThread "Attach Listener" daemon [_thread_blocked, id=8312, stack(0x000000b718e00000,0x000000b718f00000)]
  0x00000243fffb12b0 JavaThread "Service Thread" daemon [_thread_blocked, id=11256, stack(0x000000b718f00000,0x000000b719000000)]
  0x00000243fffb1b80 JavaThread "Monitor Deflation Thread" daemon [_thread_blocked, id=8748, stack(0x000000b719000000,0x000000b719100000)]
  0x00000243fffb2830 JavaThread "C2 CompilerThread0" daemon [_thread_in_native, id=11548, stack(0x000000b719100000,0x000000b719200000)]
  0x00000243b21593e0 JavaThread "C1 CompilerThread0" daemon [_thread_blocked, id=7304, stack(0x000000b719200000,0x000000b719300000)]
  0x00000243b21618f0 JavaThread "Sweeper thread" daemon [_thread_blocked, id=8712, stack(0x000000b719300000,0x000000b719400000)]
  0x00000243fff82bb0 JavaThread "Common-Cleaner" daemon [_thread_blocked, id=4548, stack(0x000000b719400000,0x000000b719500000)]
  0x00000243b2391a90 JavaThread "Notification Thread" daemon [_thread_blocked, id=15440, stack(0x000000b719500000,0x000000b719600000)]
  0x00000243b3c25be0 JavaThread "Daemon health stats" [_thread_blocked, id=2920, stack(0x000000b719b00000,0x000000b719c00000)]
  0x00000243b38fb090 JavaThread "Incoming local TCP Connector on port 56348" [_thread_in_native, id=12728, stack(0x000000b719a00000,0x000000b719b00000)]
  0x00000243b39a0020 JavaThread "Daemon periodic checks" [_thread_blocked, id=15892, stack(0x000000b719c00000,0x000000b719d00000)]
  0x00000243b3a0c5b0 JavaThread "Daemon" [_thread_blocked, id=12024, stack(0x000000b719d00000,0x000000b719e00000)]
  0x00000243b3af1010 JavaThread "Handler for socket connection from /127.0.0.1:56348 to /127.0.0.1:56349" [_thread_in_native, id=12664, stack(0x000000b719e00000,0x000000b719f00000)]
  0x00000243b3cad310 JavaThread "Cancel handler" [_thread_blocked, id=6576, stack(0x000000b719f00000,0x000000b71a000000)]
  0x00000243b3cad820 JavaThread "Daemon worker" [_thread_in_native, id=10112, stack(0x000000b71a000000,0x000000b71a100000)]
  0x00000243b3cadd30 JavaThread "Asynchronous log dispatcher for DefaultDaemonConnection: socket connection from /127.0.0.1:56348 to /127.0.0.1:56349" [_thread_blocked, id=8632, stack(0x000000b71a100000,0x000000b71a200000)]
  0x00000243b3cac8f0 JavaThread "Stdin handler" [_thread_blocked, id=7668, stack(0x000000b71a200000,0x000000b71a300000)]
  0x00000243b3cac3e0 JavaThread "Daemon client event forwarder" [_thread_blocked, id=5192, stack(0x000000b71a300000,0x000000b71a400000)]
  0x00000243b43870b0 JavaThread "Cache worker for journal cache (C:\Users\pc\.gradle\caches\journal-1)" [_thread_blocked, id=3836, stack(0x000000b71a400000,0x000000b71a500000)]
  0x00000243b4387fe0 JavaThread "File lock request listener" [_thread_in_native, id=4380, stack(0x000000b71a500000,0x000000b71a600000)]
  0x00000243b43875c0 JavaThread "Cache worker for file hash cache (C:\Users\pc\.gradle\caches\8.8\fileHashes)" [_thread_blocked, id=2600, stack(0x000000b71a600000,0x000000b71a700000)]
  0x00000243b43884f0 JavaThread "Cache worker for file hash cache (D:\Apps\OBDApp\android\.gradle\8.8\fileHashes)" [_thread_blocked, id=9364, stack(0x000000b71a700000,0x000000b71a800000)]
  0x00000243b4387ad0 JavaThread "File watcher server" daemon [_thread_in_native, id=12696, stack(0x000000b71a800000,0x000000b71a900000)]
  0x00000243b4388a00 JavaThread "File watcher consumer" daemon [_thread_blocked, id=13068, stack(0x000000b71a900000,0x000000b71aa00000)]
  0x00000243b4388f10 JavaThread "Cache worker for checksums cache (D:\Apps\OBDApp\android\.gradle\8.8\checksums)" [_thread_blocked, id=8768, stack(0x000000b71aa00000,0x000000b71ab00000)]
  0x00000243b4386690 JavaThread "Cache worker for file content cache (C:\Users\pc\.gradle\caches\8.8\fileContent)" [_thread_blocked, id=13796, stack(0x000000b71ab00000,0x000000b71ac00000)]
  0x00000243b4389420 JavaThread "Cache worker for cache directory md-rule (C:\Users\pc\.gradle\caches\8.8\md-rule)" [_thread_blocked, id=3668, stack(0x000000b71ac00000,0x000000b71ad00000)]
  0x00000243b4385c70 JavaThread "Cache worker for cache directory md-supplier (C:\Users\pc\.gradle\caches\8.8\md-supplier)" [_thread_blocked, id=11320, stack(0x000000b71ad00000,0x000000b71ae00000)]
  0x00000243b4386ba0 JavaThread "jar transforms" [_thread_blocked, id=4332, stack(0x000000b71b000000,0x000000b71b100000)]
  0x00000243b54fe9c0 JavaThread "Unconstrained build operations" [_thread_blocked, id=1728, stack(0x000000b71ae00000,0x000000b71af00000)]
  0x00000243b54fdfa0 JavaThread "Unconstrained build operations Thread 2" [_thread_blocked, id=12592, stack(0x000000b71b100000,0x000000b71b200000)]
  0x00000243b54fa7f0 JavaThread "Unconstrained build operations Thread 3" [_thread_blocked, id=10056, stack(0x000000b71b200000,0x000000b71b300000)]
  0x00000243b54fb210 JavaThread "Unconstrained build operations Thread 4" [_thread_blocked, id=10508, stack(0x000000b71b300000,0x000000b71b400000)]
  0x00000243b54f93b0 JavaThread "Unconstrained build operations Thread 5" [_thread_blocked, id=13180, stack(0x000000b71b400000,0x000000b71b500000)]
  0x00000243b54fb720 JavaThread "Unconstrained build operations Thread 6" [_thread_blocked, id=5088, stack(0x000000b71b500000,0x000000b71b600000)]
  0x00000243b54feed0 JavaThread "Cache worker for Build Output Cleanup Cache (D:\Apps\OBDApp\node_modules\@react-native\gradle-plugin\.gradle\buildOutputCleanup)" [_thread_blocked, id=15244, stack(0x000000b71b600000,0x000000b71b700000)]
  0x00000243b54fad00 JavaThread "Unconstrained build operations Thread 7" [_thread_blocked, id=4488, stack(0x000000b71b800000,0x000000b71b900000)]
  0x00000243b54fa2e0 JavaThread "Unconstrained build operations Thread 8" [_thread_blocked, id=9724, stack(0x000000b71b900000,0x000000b71ba00000)]
  0x00000243b54f7f70 JavaThread "Unconstrained build operations Thread 9" [_thread_blocked, id=2524, stack(0x000000b71ba00000,0x000000b71bb00000)]
  0x00000243b54fbc30 JavaThread "Unconstrained build operations Thread 10" [_thread_blocked, id=10604, stack(0x000000b71bb00000,0x000000b71bc00000)]
  0x00000243b54fcb60 JavaThread "Unconstrained build operations Thread 11" [_thread_blocked, id=11696, stack(0x000000b71bc00000,0x000000b71bd00000)]
  0x00000243b54f8ea0 JavaThread "Unconstrained build operations Thread 12" [_thread_blocked, id=6052, stack(0x000000b71bd00000,0x000000b71be00000)]
  0x00000243b54fc140 JavaThread "Unconstrained build operations Thread 13" [_thread_blocked, id=5872, stack(0x000000b71be00000,0x000000b71bf00000)]
  0x00000243b54fd070 JavaThread "Unconstrained build operations Thread 14" [_thread_blocked, id=8240, stack(0x000000b71bf00000,0x000000b71c000000)]
  0x00000243b54fe4b0 JavaThread "Unconstrained build operations Thread 15" [_thread_blocked, id=15296, stack(0x000000b71c000000,0x000000b71c100000)]
  0x00000243b54fc650 JavaThread "Memory manager" [_thread_blocked, id=2560, stack(0x000000b71c100000,0x000000b71c200000)]
  0x00000243b54fd580 JavaThread "build event listener" [_thread_blocked, id=12580, stack(0x000000b71c200000,0x000000b71c300000)]
=>0x00000243b69c8f40 JavaThread "C2 CompilerThread1" daemon [_thread_in_native, id=12240, stack(0x000000b71b700000,0x000000b71b800000)]
  0x00000243b54f8480 JavaThread "ForkJoinPool.commonPool-worker-1" daemon [_thread_blocked, id=6728, stack(0x000000b71c300000,0x000000b71c400000)]
  0x00000243b54f8990 JavaThread "ForkJoinPool.commonPool-worker-2" daemon [_thread_blocked, id=11488, stack(0x000000b71c400000,0x000000b71c500000)]
  0x00000243b54f98c0 JavaThread "ForkJoinPool.commonPool-worker-3" daemon [_thread_blocked, id=1592, stack(0x000000b71c500000,0x000000b71c600000)]
  0x00000243b61867d0 JavaThread "included builds" [_thread_blocked, id=6200, stack(0x000000b71c600000,0x000000b71c700000)]
  0x00000243b6186ce0 JavaThread "Execution worker" [_thread_blocked, id=11144, stack(0x000000b71c700000,0x000000b71c800000)]
  0x00000243b6182600 JavaThread "Execution worker Thread 2" [_thread_blocked, id=6440, stack(0x000000b71c800000,0x000000b71c900000)]
  0x00000243b6187c10 JavaThread "Execution worker Thread 3" [_thread_blocked, id=5520, stack(0x000000b71c900000,0x000000b71ca00000)]
  0x00000243b6183020 JavaThread "Cache worker for execution history cache (D:\Apps\OBDApp\node_modules\@react-native\gradle-plugin\.gradle\8.8\executionHistory)" [_thread_blocked, id=4164, stack(0x000000b71ca00000,0x000000b71cb00000)]
  0x00000243b6185db0 JavaThread "Unconstrained build operations Thread 16" [_thread_blocked, id=8664, stack(0x000000b71cb00000,0x000000b71cc00000)]
  0x00000243b61862c0 JavaThread "Unconstrained build operations Thread 17" [_thread_blocked, id=6244, stack(0x000000b71cc00000,0x000000b71cd00000)]
  0x00000243b61871f0 JavaThread "Unconstrained build operations Thread 18" [_thread_blocked, id=4180, stack(0x000000b71cd00000,0x000000b71ce00000)]
  0x00000243b6187700 JavaThread "Unconstrained build operations Thread 19" [_thread_blocked, id=10692, stack(0x000000b71ce00000,0x000000b71cf00000)]
  0x00000243b61811c0 JavaThread "Unconstrained build operations Thread 20" [_thread_blocked, id=7076, stack(0x000000b71cf00000,0x000000b71d000000)]
  0x00000243b6182b10 JavaThread "Unconstrained build operations Thread 21" [_thread_blocked, id=9784, stack(0x000000b71d000000,0x000000b71d100000)]
  0x00000243b6188630 JavaThread "Unconstrained build operations Thread 22" [_thread_blocked, id=9372, stack(0x000000b71d100000,0x000000b71d200000)]
  0x00000243b6188b40 JavaThread "Unconstrained build operations Thread 23" [_thread_blocked, id=9260, stack(0x000000b71d200000,0x000000b71d300000)]
  0x00000243b6188120 JavaThread "Unconstrained build operations Thread 24" [_thread_blocked, id=14988, stack(0x000000b71d300000,0x000000b71d400000)]
  0x00000243b61816d0 JavaThread "Unconstrained build operations Thread 25" [_thread_blocked, id=15056, stack(0x000000b71d400000,0x000000b71d500000)]
  0x00000243b6183530 JavaThread "Unconstrained build operations Thread 26" [_thread_blocked, id=13316, stack(0x000000b71d500000,0x000000b71d600000)]
  0x00000243b6183a40 JavaThread "Unconstrained build operations Thread 27" [_thread_blocked, id=5580, stack(0x000000b71d600000,0x000000b71d700000)]
  0x00000243b6181be0 JavaThread "Unconstrained build operations Thread 28" [_thread_blocked, id=5184, stack(0x000000b71d700000,0x000000b71d800000)]
  0x00000243b6183f50 JavaThread "Unconstrained build operations Thread 29" [_thread_blocked, id=5484, stack(0x000000b71d800000,0x000000b71d900000)]
  0x00000243b6185390 JavaThread "Unconstrained build operations Thread 30" [_thread_blocked, id=7424, stack(0x000000b71d900000,0x000000b71da00000)]
  0x00000243b6184460 JavaThread "Unconstrained build operations Thread 31" [_thread_blocked, id=14816, stack(0x000000b71da00000,0x000000b71db00000)]
  0x00000243b61820f0 JavaThread "Unconstrained build operations Thread 32" [_thread_blocked, id=13264, stack(0x000000b71db00000,0x000000b71dc00000)]
  0x00000243b6184970 JavaThread "Unconstrained build operations Thread 33" [_thread_blocked, id=3316, stack(0x000000b71dc00000,0x000000b71dd00000)]
  0x00000243b6184e80 JavaThread "Unconstrained build operations Thread 34" [_thread_blocked, id=8716, stack(0x000000b71dd00000,0x000000b71de00000)]
  0x00000243b61858a0 JavaThread "Unconstrained build operations Thread 35" [_thread_blocked, id=9280, stack(0x000000b71de00000,0x000000b71df00000)]
  0x00000243b2dd3250 JavaThread "Unconstrained build operations Thread 36" [_thread_blocked, id=4948, stack(0x000000b71df00000,0x000000b71e000000)]
  0x00000243b2dd4690 JavaThread "jar transforms Thread 2" [_thread_blocked, id=2008, stack(0x000000b71e000000,0x000000b71e100000)]
  0x00000243b2dd2830 JavaThread "Cache worker for Build Output Cleanup Cache (D:\Apps\OBDApp\android\.gradle\buildOutputCleanup)" [_thread_blocked, id=8940, stack(0x000000b71e100000,0x000000b71e200000)]
  0x00000243b2dcf080 JavaThread "jar transforms Thread 3" [_thread_blocked, id=15076, stack(0x000000b71e200000,0x000000b71e300000)]
  0x00000243b2dd4ba0 JavaThread "Unconstrained build operations Thread 37" [_thread_blocked, id=10544, stack(0x000000b71e300000,0x000000b71e400000)]
  0x00000243b2dd50b0 JavaThread "Unconstrained build operations Thread 38" [_thread_blocked, id=12984, stack(0x000000b71e400000,0x000000b71e500000)]
  0x00000243b2dd0ee0 JavaThread "Unconstrained build operations Thread 39" [_thread_blocked, id=7448, stack(0x000000b71e500000,0x000000b71e600000)]
  0x00000243b2dd1900 JavaThread "Unconstrained build operations Thread 40" [_thread_blocked, id=4116, stack(0x000000b71e600000,0x000000b71e700000)]
  0x00000243b2dd04c0 JavaThread "jar transforms Thread 4" [_thread_blocked, id=10100, stack(0x000000b71e700000,0x000000b71e800000)]

Other Threads:
  0x00000243fff924e0 VMThread "VM Thread" [stack: 0x000000b718a00000,0x000000b718b00000] [id=6504]
  0x00000243b22f5cc0 WatcherThread [stack: 0x000000b719600000,0x000000b719700000] [id=7116]
  0x00000243f53fef60 GCTaskThread "GC Thread#0" [stack: 0x000000b718500000,0x000000b718600000] [id=14580]
  0x00000243b23a4d50 GCTaskThread "GC Thread#1" [stack: 0x000000b719700000,0x000000b719800000] [id=6388]
  0x00000243b2408480 GCTaskThread "GC Thread#2" [stack: 0x000000b719800000,0x000000b719900000] [id=1748]
  0x00000243b2407980 GCTaskThread "GC Thread#3" [stack: 0x000000b719900000,0x000000b719a00000] [id=9048]
  0x00000243f540fdc0 ConcurrentGCThread "G1 Main Marker" [stack: 0x000000b718600000,0x000000b718700000] [id=11188]
  0x00000243f54106e0 ConcurrentGCThread "G1 Conc#0" [stack: 0x000000b718700000,0x000000b718800000] [id=2300]
  0x00000243f545eac0 ConcurrentGCThread "G1 Refine#0" [stack: 0x000000b718800000,0x000000b718900000] [id=15248]
  0x00000243b42dabd0 ConcurrentGCThread "G1 Refine#1" [stack: 0x000000b71af00000,0x000000b71b000000] [id=12388]
  0x00000243ffe4c690 ConcurrentGCThread "G1 Service" [stack: 0x000000b718900000,0x000000b718a00000] [id=7628]

Threads with active compile tasks:
C2 CompilerThread0    19723 10581   !   4       java.util.concurrent.FutureTask::run (123 bytes)
C2 CompilerThread1    19723 10582       4       org.gradle.cache.internal.ExclusiveCacheAccessingWorker$1::call (10 bytes)

VM state: not at safepoint (normal execution)

VM Mutex/Monitor currently owned by a thread: None

Heap address: 0x0000000080000000, size: 2048 MB, Compressed Oops mode: 32-bit

CDS archive(s) mapped at: [0x0000024393000000-0x0000024393bd0000-0x0000024393bd0000), size 12386304, SharedBaseAddress: 0x0000024393000000, ArchiveRelocationMode: 1.
Compressed class space mapped at: 0x0000024394000000-0x00000243ae000000, reserved size: 436207616
Narrow klass base: 0x0000024393000000, Narrow klass shift: 0, Narrow klass range: 0x100000000

GC Precious Log:
 CPUs: 4 total, 4 available
 Memory: 16275M
 Large Page Support: Disabled
 NUMA Support: Disabled
 Compressed Oops: Enabled (32-bit)
 Heap Region Size: 1M
 Heap Min Capacity: 8M
 Heap Initial Capacity: 256M
 Heap Max Capacity: 2G
 Pre-touch: Disabled
 Parallel Workers: 4
 Concurrent Workers: 1
 Concurrent Refinement Workers: 4
 Periodic GC: Disabled

Heap:
 garbage-first heap   total 303104K, used 134422K [0x0000000080000000, 0x0000000100000000)
  region size 1024K, 48 young (49152K), 4 survivors (4096K)
 Metaspace       used 69763K, committed 70528K, reserved 491520K
  class space    used 9877K, committed 10240K, reserved 425984K

Heap Regions: E=young(eden), S=young(survivor), O=old, HS=humongous(starts), HC=humongous(continues), CS=collection set, F=free, OA=open archive, CA=closed archive, TAMS=top-at-mark-start (previous, next)
|   0|0x0000000080000000, 0x0000000080100000, 0x0000000080100000|100%|HS|  |TAMS 0x0000000080100000, 0x0000000080000000| Complete 
|   1|0x0000000080100000, 0x0000000080200000, 0x0000000080200000|100%|HC|  |TAMS 0x0000000080200000, 0x0000000080100000| Complete 
|   2|0x0000000080200000, 0x0000000080300000, 0x0000000080300000|100%|HC|  |TAMS 0x0000000080300000, 0x0000000080200000| Complete 
|   3|0x0000000080300000, 0x0000000080400000, 0x0000000080400000|100%|HC|  |TAMS 0x0000000080400000, 0x0000000080300000| Complete 
|   4|0x0000000080400000, 0x0000000080500000, 0x0000000080500000|100%| O|  |TAMS 0x0000000080500000, 0x0000000080400000| Untracked 
|   5|0x0000000080500000, 0x0000000080600000, 0x0000000080600000|100%| O|  |TAMS 0x0000000080600000, 0x0000000080500000| Untracked 
|   6|0x0000000080600000, 0x0000000080700000, 0x0000000080700000|100%| O|  |TAMS 0x0000000080700000, 0x0000000080600000| Untracked 
|   7|0x0000000080700000, 0x0000000080800000, 0x0000000080800000|100%| O|  |TAMS 0x0000000080800000, 0x0000000080700000| Untracked 
|   8|0x0000000080800000, 0x0000000080900000, 0x0000000080900000|100%| O|  |TAMS 0x0000000080900000, 0x0000000080800000| Untracked 
|   9|0x0000000080900000, 0x0000000080a00000, 0x0000000080a00000|100%| O|  |TAMS 0x0000000080a00000, 0x0000000080900000| Untracked 
|  10|0x0000000080a00000, 0x0000000080b00000, 0x0000000080b00000|100%| O|  |TAMS 0x0000000080b00000, 0x0000000080a00000| Untracked 
|  11|0x0000000080b00000, 0x0000000080c00000, 0x0000000080c00000|100%| O|  |TAMS 0x0000000080c00000, 0x0000000080b00000| Untracked 
|  12|0x0000000080c00000, 0x0000000080d00000, 0x0000000080d00000|100%|HS|  |TAMS 0x0000000080d00000, 0x0000000080c00000| Complete 
|  13|0x0000000080d00000, 0x0000000080e00000, 0x0000000080e00000|100%| O|  |TAMS 0x0000000080e00000, 0x0000000080d00000| Untracked 
|  14|0x0000000080e00000, 0x0000000080f00000, 0x0000000080f00000|100%| O|  |TAMS 0x0000000080f00000, 0x0000000080e00000| Untracked 
|  15|0x0000000080f00000, 0x0000000081000000, 0x0000000081000000|100%| O|  |TAMS 0x0000000081000000, 0x0000000080f00000| Untracked 
|  16|0x0000000081000000, 0x0000000081100000, 0x0000000081100000|100%| O|  |TAMS 0x0000000081100000, 0x0000000081000000| Untracked 
|  17|0x0000000081100000, 0x0000000081200000, 0x0000000081200000|100%| O|  |TAMS 0x0000000081200000, 0x0000000081100000| Untracked 
|  18|0x0000000081200000, 0x0000000081300000, 0x0000000081300000|100%| O|  |TAMS 0x0000000081300000, 0x0000000081200000| Untracked 
|  19|0x0000000081300000, 0x0000000081400000, 0x0000000081400000|100%| O|  |TAMS 0x0000000081400000, 0x0000000081300000| Untracked 
|  20|0x0000000081400000, 0x0000000081500000, 0x0000000081500000|100%| O|  |TAMS 0x0000000081500000, 0x0000000081400000| Untracked 
|  21|0x0000000081500000, 0x0000000081600000, 0x0000000081600000|100%| O|  |TAMS 0x0000000081600000, 0x0000000081500000| Untracked 
|  22|0x0000000081600000, 0x0000000081700000, 0x0000000081700000|100%| O|  |TAMS 0x0000000081700000, 0x0000000081600000| Untracked 
|  23|0x0000000081700000, 0x0000000081800000, 0x0000000081800000|100%| O|  |TAMS 0x0000000081800000, 0x0000000081700000| Untracked 
|  24|0x0000000081800000, 0x0000000081900000, 0x0000000081900000|100%| O|  |TAMS 0x0000000081900000, 0x0000000081800000| Untracked 
|  25|0x0000000081900000, 0x0000000081a00000, 0x0000000081a00000|100%| O|  |TAMS 0x0000000081a00000, 0x0000000081900000| Untracked 
|  26|0x0000000081a00000, 0x0000000081b00000, 0x0000000081b00000|100%| O|  |TAMS 0x0000000081b00000, 0x0000000081a00000| Untracked 
|  27|0x0000000081b00000, 0x0000000081c00000, 0x0000000081c00000|100%| O|  |TAMS 0x0000000081c00000, 0x0000000081b00000| Untracked 
|  28|0x0000000081c00000, 0x0000000081d00000, 0x0000000081d00000|100%| O|  |TAMS 0x0000000081d00000, 0x0000000081c00000| Untracked 
|  29|0x0000000081d00000, 0x0000000081e00000, 0x0000000081e00000|100%| O|  |TAMS 0x0000000081e00000, 0x0000000081d00000| Untracked 
|  30|0x0000000081e00000, 0x0000000081f00000, 0x0000000081f00000|100%| O|  |TAMS 0x0000000081f00000, 0x0000000081e00000| Untracked 
|  31|0x0000000081f00000, 0x0000000082000000, 0x0000000082000000|100%| O|  |TAMS 0x0000000082000000, 0x0000000081f00000| Untracked 
|  32|0x0000000082000000, 0x0000000082100000, 0x0000000082100000|100%| O|  |TAMS 0x0000000082100000, 0x0000000082000000| Untracked 
|  33|0x0000000082100000, 0x0000000082200000, 0x0000000082200000|100%| O|  |TAMS 0x0000000082200000, 0x0000000082100000| Untracked 
|  34|0x0000000082200000, 0x0000000082300000, 0x0000000082300000|100%| O|  |TAMS 0x0000000082300000, 0x0000000082200000| Untracked 
|  35|0x0000000082300000, 0x0000000082400000, 0x0000000082400000|100%| O|  |TAMS 0x0000000082300000, 0x0000000082300000| Untracked 
|  36|0x0000000082400000, 0x0000000082500000, 0x0000000082500000|100%| O|  |TAMS 0x0000000082500000, 0x0000000082400000| Untracked 
|  37|0x0000000082500000, 0x0000000082600000, 0x0000000082600000|100%| O|  |TAMS 0x0000000082600000, 0x0000000082500000| Untracked 
|  38|0x0000000082600000, 0x0000000082700000, 0x0000000082700000|100%| O|  |TAMS 0x0000000082700000, 0x0000000082600000| Untracked 
|  39|0x0000000082700000, 0x0000000082800000, 0x0000000082800000|100%| O|  |TAMS 0x0000000082800000, 0x0000000082700000| Untracked 
|  40|0x0000000082800000, 0x0000000082900000, 0x0000000082900000|100%| O|  |TAMS 0x0000000082900000, 0x0000000082800000| Untracked 
|  41|0x0000000082900000, 0x0000000082a00000, 0x0000000082a00000|100%| O|  |TAMS 0x0000000082a00000, 0x0000000082900000| Untracked 
|  42|0x0000000082a00000, 0x0000000082b00000, 0x0000000082b00000|100%| O|  |TAMS 0x0000000082b00000, 0x0000000082a00000| Untracked 
|  43|0x0000000082b00000, 0x0000000082c00000, 0x0000000082c00000|100%| O|  |TAMS 0x0000000082b00000, 0x0000000082b00000| Untracked 
|  44|0x0000000082c00000, 0x0000000082d00000, 0x0000000082d00000|100%| O|  |TAMS 0x0000000082c00000, 0x0000000082c00000| Untracked 
|  45|0x0000000082d00000, 0x0000000082e00000, 0x0000000082e00000|100%|HS|  |TAMS 0x0000000082e00000, 0x0000000082d00000| Complete 
|  46|0x0000000082e00000, 0x0000000082f00000, 0x0000000082f00000|100%|HC|  |TAMS 0x0000000082f00000, 0x0000000082e00000| Complete 
|  47|0x0000000082f00000, 0x0000000083000000, 0x0000000083000000|100%|HS|  |TAMS 0x0000000083000000, 0x0000000082f00000| Complete 
|  48|0x0000000083000000, 0x0000000083100000, 0x0000000083100000|100%|HC|  |TAMS 0x0000000083100000, 0x0000000083000000| Complete 
|  49|0x0000000083100000, 0x0000000083200000, 0x0000000083200000|100%|HS|  |TAMS 0x0000000083200000, 0x0000000083100000| Complete 
|  50|0x0000000083200000, 0x0000000083300000, 0x0000000083300000|100%|HC|  |TAMS 0x0000000083300000, 0x0000000083200000| Complete 
|  51|0x0000000083300000, 0x0000000083400000, 0x0000000083400000|100%|HC|  |TAMS 0x0000000083400000, 0x0000000083300000| Complete 
|  52|0x0000000083400000, 0x0000000083500000, 0x0000000083500000|100%|HC|  |TAMS 0x0000000083500000, 0x0000000083400000| Complete 
|  53|0x0000000083500000, 0x0000000083600000, 0x0000000083600000|100%|HS|  |TAMS 0x0000000083600000, 0x0000000083500000| Complete 
|  54|0x0000000083600000, 0x0000000083700000, 0x0000000083700000|100%|HC|  |TAMS 0x0000000083700000, 0x0000000083600000| Complete 
|  55|0x0000000083700000, 0x0000000083800000, 0x0000000083800000|100%|HC|  |TAMS 0x0000000083800000, 0x0000000083700000| Complete 
|  56|0x0000000083800000, 0x0000000083900000, 0x0000000083900000|100%|HC|  |TAMS 0x0000000083900000, 0x0000000083800000| Complete 
|  57|0x0000000083900000, 0x0000000083a00000, 0x0000000083a00000|100%| O|  |TAMS 0x0000000083a00000, 0x0000000083900000| Untracked 
|  58|0x0000000083a00000, 0x0000000083b00000, 0x0000000083b00000|100%| O|  |TAMS 0x0000000083b00000, 0x0000000083a00000| Untracked 
|  59|0x0000000083b00000, 0x0000000083c00000, 0x0000000083c00000|100%| O|  |TAMS 0x0000000083c00000, 0x0000000083b00000| Untracked 
|  60|0x0000000083c00000, 0x0000000083d00000, 0x0000000083d00000|100%| O|  |TAMS 0x0000000083d00000, 0x0000000083c00000| Untracked 
|  61|0x0000000083d00000, 0x0000000083e00000, 0x0000000083e00000|100%| O|  |TAMS 0x0000000083e00000, 0x0000000083d00000| Untracked 
|  62|0x0000000083e00000, 0x0000000083f00000, 0x0000000083f00000|100%| O|  |TAMS 0x0000000083f00000, 0x0000000083e00000| Untracked 
|  63|0x0000000083f00000, 0x0000000084000000, 0x0000000084000000|100%| O|  |TAMS 0x0000000084000000, 0x0000000083f00000| Untracked 
|  64|0x0000000084000000, 0x0000000084100000, 0x0000000084100000|100%| O|  |TAMS 0x0000000084100000, 0x0000000084000000| Untracked 
|  65|0x0000000084100000, 0x0000000084200000, 0x0000000084200000|100%| O|  |TAMS 0x0000000084200000, 0x0000000084100000| Untracked 
|  66|0x0000000084200000, 0x0000000084300000, 0x0000000084300000|100%| O|  |TAMS 0x0000000084300000, 0x0000000084200000| Untracked 
|  67|0x0000000084300000, 0x0000000084400000, 0x0000000084400000|100%| O|  |TAMS 0x000000008432be00, 0x0000000084300000| Untracked 
|  68|0x0000000084400000, 0x0000000084500000, 0x0000000084500000|100%| O|  |TAMS 0x0000000084400000, 0x0000000084400000| Untracked 
|  69|0x0000000084500000, 0x0000000084600000, 0x0000000084600000|100%| O|  |TAMS 0x0000000084500000, 0x0000000084500000| Untracked 
|  70|0x0000000084600000, 0x0000000084700000, 0x0000000084700000|100%| O|  |TAMS 0x0000000084600000, 0x0000000084600000| Untracked 
|  71|0x0000000084700000, 0x0000000084800000, 0x0000000084800000|100%| O|  |TAMS 0x0000000084700000, 0x0000000084700000| Untracked 
|  72|0x0000000084800000, 0x0000000084900000, 0x0000000084900000|100%| O|  |TAMS 0x0000000084800000, 0x0000000084800000| Untracked 
|  73|0x0000000084900000, 0x0000000084a00000, 0x0000000084a00000|100%| O|  |TAMS 0x0000000084900000, 0x0000000084900000| Untracked 
|  74|0x0000000084a00000, 0x0000000084b00000, 0x0000000084b00000|100%| O|  |TAMS 0x0000000084a00000, 0x0000000084a00000| Untracked 
|  75|0x0000000084b00000, 0x0000000084c00000, 0x0000000084c00000|100%| O|  |TAMS 0x0000000084b00000, 0x0000000084b00000| Untracked 
|  76|0x0000000084c00000, 0x0000000084d00000, 0x0000000084d00000|100%| O|  |TAMS 0x0000000084c00000, 0x0000000084c00000| Untracked 
|  77|0x0000000084d00000, 0x0000000084e00000, 0x0000000084e00000|100%| O|  |TAMS 0x0000000084d00000, 0x0000000084d00000| Untracked 
|  78|0x0000000084e00000, 0x0000000084f00000, 0x0000000084f00000|100%| O|  |TAMS 0x0000000084e00000, 0x0000000084e00000| Untracked 
|  79|0x0000000084f00000, 0x0000000085000000, 0x0000000085000000|100%| O|  |TAMS 0x0000000084f00000, 0x0000000084f00000| Untracked 
|  80|0x0000000085000000, 0x0000000085100000, 0x0000000085100000|100%| O|  |TAMS 0x0000000085000000, 0x0000000085000000| Untracked 
|  81|0x0000000085100000, 0x0000000085200000, 0x0000000085200000|100%| O|  |TAMS 0x0000000085100000, 0x0000000085100000| Untracked 
|  82|0x0000000085200000, 0x000000008521da00, 0x0000000085300000| 11%| O|  |TAMS 0x0000000085200000, 0x0000000085200000| Untracked 
|  83|0x0000000085300000, 0x0000000085400000, 0x0000000085400000|100%|HS|  |TAMS 0x0000000085300000, 0x0000000085300000| Complete 
|  84|0x0000000085400000, 0x0000000085500000, 0x0000000085500000|100%|HS|  |TAMS 0x0000000085400000, 0x0000000085400000| Complete 
|  85|0x0000000085500000, 0x0000000085600000, 0x0000000085600000|100%|HS|  |TAMS 0x0000000085500000, 0x0000000085500000| Complete 
|  86|0x0000000085600000, 0x0000000085600000, 0x0000000085700000|  0%| F|  |TAMS 0x0000000085600000, 0x0000000085600000| Untracked 
|  87|0x0000000085700000, 0x0000000085700000, 0x0000000085800000|  0%| F|  |TAMS 0x0000000085700000, 0x0000000085700000| Untracked 
|  88|0x0000000085800000, 0x0000000085800000, 0x0000000085900000|  0%| F|  |TAMS 0x0000000085800000, 0x0000000085800000| Untracked 
|  89|0x0000000085900000, 0x0000000085900000, 0x0000000085a00000|  0%| F|  |TAMS 0x0000000085900000, 0x0000000085900000| Untracked 
|  90|0x0000000085a00000, 0x0000000085a00000, 0x0000000085b00000|  0%| F|  |TAMS 0x0000000085a00000, 0x0000000085a00000| Untracked 
|  91|0x0000000085b00000, 0x0000000085b00000, 0x0000000085c00000|  0%| F|  |TAMS 0x0000000085b00000, 0x0000000085b00000| Untracked 
|  92|0x0000000085c00000, 0x0000000085c00000, 0x0000000085d00000|  0%| F|  |TAMS 0x0000000085c00000, 0x0000000085c00000| Untracked 
|  93|0x0000000085d00000, 0x0000000085d00000, 0x0000000085e00000|  0%| F|  |TAMS 0x0000000085d00000, 0x0000000085d00000| Untracked 
|  94|0x0000000085e00000, 0x0000000085e00000, 0x0000000085f00000|  0%| F|  |TAMS 0x0000000085e00000, 0x0000000085e00000| Untracked 
|  95|0x0000000085f00000, 0x0000000085f00000, 0x0000000086000000|  0%| F|  |TAMS 0x0000000085f00000, 0x0000000085f00000| Untracked 
|  96|0x0000000086000000, 0x0000000086000000, 0x0000000086100000|  0%| F|  |TAMS 0x0000000086000000, 0x0000000086000000| Untracked 
|  97|0x0000000086100000, 0x0000000086100000, 0x0000000086200000|  0%| F|  |TAMS 0x0000000086100000, 0x0000000086100000| Untracked 
|  98|0x0000000086200000, 0x0000000086200000, 0x0000000086300000|  0%| F|  |TAMS 0x0000000086200000, 0x0000000086200000| Untracked 
|  99|0x0000000086300000, 0x0000000086300000, 0x0000000086400000|  0%| F|  |TAMS 0x0000000086300000, 0x0000000086300000| Untracked 
| 100|0x0000000086400000, 0x0000000086400000, 0x0000000086500000|  0%| F|  |TAMS 0x0000000086400000, 0x0000000086400000| Untracked 
| 101|0x0000000086500000, 0x0000000086500000, 0x0000000086600000|  0%| F|  |TAMS 0x0000000086500000, 0x0000000086500000| Untracked 
| 102|0x0000000086600000, 0x0000000086600000, 0x0000000086700000|  0%| F|  |TAMS 0x0000000086600000, 0x0000000086600000| Untracked 
| 103|0x0000000086700000, 0x0000000086700000, 0x0000000086800000|  0%| F|  |TAMS 0x0000000086700000, 0x0000000086700000| Untracked 
| 104|0x0000000086800000, 0x0000000086800000, 0x0000000086900000|  0%| F|  |TAMS 0x0000000086800000, 0x0000000086800000| Untracked 
| 105|0x0000000086900000, 0x0000000086928150, 0x0000000086a00000| 15%| S|CS|TAMS 0x0000000086900000, 0x0000000086900000| Complete 
| 106|0x0000000086a00000, 0x0000000086a00000, 0x0000000086b00000|  0%| F|  |TAMS 0x0000000086a00000, 0x0000000086a00000| Untracked 
| 107|0x0000000086b00000, 0x0000000086b00000, 0x0000000086c00000|  0%| F|  |TAMS 0x0000000086b00000, 0x0000000086b00000| Untracked 
| 108|0x0000000086c00000, 0x0000000086c00000, 0x0000000086d00000|  0%| F|  |TAMS 0x0000000086c00000, 0x0000000086c00000| Untracked 
| 109|0x0000000086d00000, 0x0000000086d00000, 0x0000000086e00000|  0%| F|  |TAMS 0x0000000086d00000, 0x0000000086d00000| Untracked 
| 110|0x0000000086e00000, 0x0000000086f00000, 0x0000000086f00000|100%| S|CS|TAMS 0x0000000086e00000, 0x0000000086e00000| Complete 
| 111|0x0000000086f00000, 0x0000000087000000, 0x0000000087000000|100%| S|CS|TAMS 0x0000000086f00000, 0x0000000086f00000| Complete 
| 112|0x0000000087000000, 0x0000000087100000, 0x0000000087100000|100%| S|CS|TAMS 0x0000000087000000, 0x0000000087000000| Complete 
| 113|0x0000000087100000, 0x0000000087100000, 0x0000000087200000|  0%| F|  |TAMS 0x0000000087100000, 0x0000000087100000| Untracked 
| 114|0x0000000087200000, 0x0000000087200000, 0x0000000087300000|  0%| F|  |TAMS 0x0000000087200000, 0x0000000087200000| Untracked 
| 115|0x0000000087300000, 0x0000000087300000, 0x0000000087400000|  0%| F|  |TAMS 0x0000000087300000, 0x0000000087300000| Untracked 
| 116|0x0000000087400000, 0x0000000087400000, 0x0000000087500000|  0%| F|  |TAMS 0x0000000087400000, 0x0000000087400000| Untracked 
| 117|0x0000000087500000, 0x0000000087500000, 0x0000000087600000|  0%| F|  |TAMS 0x0000000087500000, 0x0000000087500000| Untracked 
| 118|0x0000000087600000, 0x0000000087600000, 0x0000000087700000|  0%| F|  |TAMS 0x0000000087600000, 0x0000000087600000| Untracked 
| 119|0x0000000087700000, 0x0000000087700000, 0x0000000087800000|  0%| F|  |TAMS 0x0000000087700000, 0x0000000087700000| Untracked 
| 120|0x0000000087800000, 0x0000000087800000, 0x0000000087900000|  0%| F|  |TAMS 0x0000000087800000, 0x0000000087800000| Untracked 
| 121|0x0000000087900000, 0x0000000087900000, 0x0000000087a00000|  0%| F|  |TAMS 0x0000000087900000, 0x0000000087900000| Untracked 
| 122|0x0000000087a00000, 0x0000000087a00000, 0x0000000087b00000|  0%| F|  |TAMS 0x0000000087a00000, 0x0000000087a00000| Untracked 
| 123|0x0000000087b00000, 0x0000000087b00000, 0x0000000087c00000|  0%| F|  |TAMS 0x0000000087b00000, 0x0000000087b00000| Untracked 
| 124|0x0000000087c00000, 0x0000000087c00000, 0x0000000087d00000|  0%| F|  |TAMS 0x0000000087c00000, 0x0000000087c00000| Untracked 
| 125|0x0000000087d00000, 0x0000000087d00000, 0x0000000087e00000|  0%| F|  |TAMS 0x0000000087d00000, 0x0000000087d00000| Untracked 
| 126|0x0000000087e00000, 0x0000000087e00000, 0x0000000087f00000|  0%| F|  |TAMS 0x0000000087e00000, 0x0000000087e00000| Untracked 
| 127|0x0000000087f00000, 0x0000000087f00000, 0x0000000088000000|  0%| F|  |TAMS 0x0000000087f00000, 0x0000000087f00000| Untracked 
| 128|0x0000000088000000, 0x0000000088000000, 0x0000000088100000|  0%| F|  |TAMS 0x0000000088000000, 0x0000000088000000| Untracked 
| 129|0x0000000088100000, 0x0000000088100000, 0x0000000088200000|  0%| F|  |TAMS 0x0000000088100000, 0x0000000088100000| Untracked 
| 130|0x0000000088200000, 0x0000000088200000, 0x0000000088300000|  0%| F|  |TAMS 0x0000000088200000, 0x0000000088200000| Untracked 
| 131|0x0000000088300000, 0x0000000088300000, 0x0000000088400000|  0%| F|  |TAMS 0x0000000088300000, 0x0000000088300000| Untracked 
| 132|0x0000000088400000, 0x0000000088400000, 0x0000000088500000|  0%| F|  |TAMS 0x0000000088400000, 0x0000000088400000| Untracked 
| 133|0x0000000088500000, 0x0000000088500000, 0x0000000088600000|  0%| F|  |TAMS 0x0000000088500000, 0x0000000088500000| Untracked 
| 134|0x0000000088600000, 0x0000000088600000, 0x0000000088700000|  0%| F|  |TAMS 0x0000000088600000, 0x0000000088600000| Untracked 
| 135|0x0000000088700000, 0x0000000088700000, 0x0000000088800000|  0%| F|  |TAMS 0x0000000088700000, 0x0000000088700000| Untracked 
| 136|0x0000000088800000, 0x0000000088800000, 0x0000000088900000|  0%| F|  |TAMS 0x0000000088800000, 0x0000000088800000| Untracked 
| 137|0x0000000088900000, 0x0000000088900000, 0x0000000088a00000|  0%| F|  |TAMS 0x0000000088900000, 0x0000000088900000| Untracked 
| 138|0x0000000088a00000, 0x0000000088a00000, 0x0000000088b00000|  0%| F|  |TAMS 0x0000000088a00000, 0x0000000088a00000| Untracked 
| 139|0x0000000088b00000, 0x0000000088b00000, 0x0000000088c00000|  0%| F|  |TAMS 0x0000000088b00000, 0x0000000088b00000| Untracked 
| 140|0x0000000088c00000, 0x0000000088c00000, 0x0000000088d00000|  0%| F|  |TAMS 0x0000000088c00000, 0x0000000088c00000| Untracked 
| 141|0x0000000088d00000, 0x0000000088d00000, 0x0000000088e00000|  0%| F|  |TAMS 0x0000000088d00000, 0x0000000088d00000| Untracked 
| 142|0x0000000088e00000, 0x0000000088e00000, 0x0000000088f00000|  0%| F|  |TAMS 0x0000000088e00000, 0x0000000088e00000| Untracked 
| 143|0x0000000088f00000, 0x0000000088f00000, 0x0000000089000000|  0%| F|  |TAMS 0x0000000088f00000, 0x0000000088f00000| Untracked 
| 144|0x0000000089000000, 0x0000000089000000, 0x0000000089100000|  0%| F|  |TAMS 0x0000000089000000, 0x0000000089000000| Untracked 
| 145|0x0000000089100000, 0x0000000089100000, 0x0000000089200000|  0%| F|  |TAMS 0x0000000089100000, 0x0000000089100000| Untracked 
| 146|0x0000000089200000, 0x0000000089200000, 0x0000000089300000|  0%| F|  |TAMS 0x0000000089200000, 0x0000000089200000| Untracked 
| 147|0x0000000089300000, 0x0000000089300000, 0x0000000089400000|  0%| F|  |TAMS 0x0000000089300000, 0x0000000089300000| Untracked 
| 148|0x0000000089400000, 0x0000000089400000, 0x0000000089500000|  0%| F|  |TAMS 0x0000000089400000, 0x0000000089400000| Untracked 
| 149|0x0000000089500000, 0x0000000089500000, 0x0000000089600000|  0%| F|  |TAMS 0x0000000089500000, 0x0000000089500000| Untracked 
| 150|0x0000000089600000, 0x0000000089600000, 0x0000000089700000|  0%| F|  |TAMS 0x0000000089600000, 0x0000000089600000| Untracked 
| 151|0x0000000089700000, 0x0000000089700000, 0x0000000089800000|  0%| F|  |TAMS 0x0000000089700000, 0x0000000089700000| Untracked 
| 152|0x0000000089800000, 0x0000000089800000, 0x0000000089900000|  0%| F|  |TAMS 0x0000000089800000, 0x0000000089800000| Untracked 
| 153|0x0000000089900000, 0x0000000089900000, 0x0000000089a00000|  0%| F|  |TAMS 0x0000000089900000, 0x0000000089900000| Untracked 
| 154|0x0000000089a00000, 0x0000000089a00000, 0x0000000089b00000|  0%| F|  |TAMS 0x0000000089a00000, 0x0000000089a00000| Untracked 
| 155|0x0000000089b00000, 0x0000000089b00000, 0x0000000089c00000|  0%| F|  |TAMS 0x0000000089b00000, 0x0000000089b00000| Untracked 
| 156|0x0000000089c00000, 0x0000000089c00000, 0x0000000089d00000|  0%| F|  |TAMS 0x0000000089c00000, 0x0000000089c00000| Untracked 
| 157|0x0000000089d00000, 0x0000000089d00000, 0x0000000089e00000|  0%| F|  |TAMS 0x0000000089d00000, 0x0000000089d00000| Untracked 
| 158|0x0000000089e00000, 0x0000000089e00000, 0x0000000089f00000|  0%| F|  |TAMS 0x0000000089e00000, 0x0000000089e00000| Untracked 
| 159|0x0000000089f00000, 0x0000000089f00000, 0x000000008a000000|  0%| F|  |TAMS 0x0000000089f00000, 0x0000000089f00000| Untracked 
| 160|0x000000008a000000, 0x000000008a000000, 0x000000008a100000|  0%| F|  |TAMS 0x000000008a000000, 0x000000008a000000| Untracked 
| 161|0x000000008a100000, 0x000000008a100000, 0x000000008a200000|  0%| F|  |TAMS 0x000000008a100000, 0x000000008a100000| Untracked 
| 162|0x000000008a200000, 0x000000008a200000, 0x000000008a300000|  0%| F|  |TAMS 0x000000008a200000, 0x000000008a200000| Untracked 
| 163|0x000000008a300000, 0x000000008a300000, 0x000000008a400000|  0%| F|  |TAMS 0x000000008a300000, 0x000000008a300000| Untracked 
| 164|0x000000008a400000, 0x000000008a400000, 0x000000008a500000|  0%| F|  |TAMS 0x000000008a400000, 0x000000008a400000| Untracked 
| 165|0x000000008a500000, 0x000000008a500000, 0x000000008a600000|  0%| F|  |TAMS 0x000000008a500000, 0x000000008a500000| Untracked 
| 166|0x000000008a600000, 0x000000008a600000, 0x000000008a700000|  0%| F|  |TAMS 0x000000008a600000, 0x000000008a600000| Untracked 
| 167|0x000000008a700000, 0x000000008a700000, 0x000000008a800000|  0%| F|  |TAMS 0x000000008a700000, 0x000000008a700000| Untracked 
| 168|0x000000008a800000, 0x000000008a800000, 0x000000008a900000|  0%| F|  |TAMS 0x000000008a800000, 0x000000008a800000| Untracked 
| 169|0x000000008a900000, 0x000000008a900000, 0x000000008aa00000|  0%| F|  |TAMS 0x000000008a900000, 0x000000008a900000| Untracked 
| 170|0x000000008aa00000, 0x000000008aa00000, 0x000000008ab00000|  0%| F|  |TAMS 0x000000008aa00000, 0x000000008aa00000| Untracked 
| 171|0x000000008ab00000, 0x000000008ab00000, 0x000000008ac00000|  0%| F|  |TAMS 0x000000008ab00000, 0x000000008ab00000| Untracked 
| 172|0x000000008ac00000, 0x000000008ac00000, 0x000000008ad00000|  0%| F|  |TAMS 0x000000008ac00000, 0x000000008ac00000| Untracked 
| 173|0x000000008ad00000, 0x000000008ad00000, 0x000000008ae00000|  0%| F|  |TAMS 0x000000008ad00000, 0x000000008ad00000| Untracked 
| 174|0x000000008ae00000, 0x000000008ae00000, 0x000000008af00000|  0%| F|  |TAMS 0x000000008ae00000, 0x000000008ae00000| Untracked 
| 175|0x000000008af00000, 0x000000008af00000, 0x000000008b000000|  0%| F|  |TAMS 0x000000008af00000, 0x000000008af00000| Untracked 
| 176|0x000000008b000000, 0x000000008b000000, 0x000000008b100000|  0%| F|  |TAMS 0x000000008b000000, 0x000000008b000000| Untracked 
| 177|0x000000008b100000, 0x000000008b100000, 0x000000008b200000|  0%| F|  |TAMS 0x000000008b100000, 0x000000008b100000| Untracked 
| 178|0x000000008b200000, 0x000000008b200000, 0x000000008b300000|  0%| F|  |TAMS 0x000000008b200000, 0x000000008b200000| Untracked 
| 179|0x000000008b300000, 0x000000008b300000, 0x000000008b400000|  0%| F|  |TAMS 0x000000008b300000, 0x000000008b300000| Untracked 
| 180|0x000000008b400000, 0x000000008b400000, 0x000000008b500000|  0%| F|  |TAMS 0x000000008b400000, 0x000000008b400000| Untracked 
| 181|0x000000008b500000, 0x000000008b500000, 0x000000008b600000|  0%| F|  |TAMS 0x000000008b500000, 0x000000008b500000| Untracked 
| 182|0x000000008b600000, 0x000000008b600000, 0x000000008b700000|  0%| F|  |TAMS 0x000000008b600000, 0x000000008b600000| Untracked 
| 183|0x000000008b700000, 0x000000008b700000, 0x000000008b800000|  0%| F|  |TAMS 0x000000008b700000, 0x000000008b700000| Untracked 
| 184|0x000000008b800000, 0x000000008b800000, 0x000000008b900000|  0%| F|  |TAMS 0x000000008b800000, 0x000000008b800000| Untracked 
| 185|0x000000008b900000, 0x000000008b900000, 0x000000008ba00000|  0%| F|  |TAMS 0x000000008b900000, 0x000000008b900000| Untracked 
| 186|0x000000008ba00000, 0x000000008ba00000, 0x000000008bb00000|  0%| F|  |TAMS 0x000000008ba00000, 0x000000008ba00000| Untracked 
| 187|0x000000008bb00000, 0x000000008bb00000, 0x000000008bc00000|  0%| F|  |TAMS 0x000000008bb00000, 0x000000008bb00000| Untracked 
| 188|0x000000008bc00000, 0x000000008bc00000, 0x000000008bd00000|  0%| F|  |TAMS 0x000000008bc00000, 0x000000008bc00000| Untracked 
| 189|0x000000008bd00000, 0x000000008bd00000, 0x000000008be00000|  0%| F|  |TAMS 0x000000008bd00000, 0x000000008bd00000| Untracked 
| 190|0x000000008be00000, 0x000000008be00000, 0x000000008bf00000|  0%| F|  |TAMS 0x000000008be00000, 0x000000008be00000| Untracked 
| 191|0x000000008bf00000, 0x000000008bf00000, 0x000000008c000000|  0%| F|  |TAMS 0x000000008bf00000, 0x000000008bf00000| Untracked 
| 192|0x000000008c000000, 0x000000008c000000, 0x000000008c100000|  0%| F|  |TAMS 0x000000008c000000, 0x000000008c000000| Untracked 
| 193|0x000000008c100000, 0x000000008c100000, 0x000000008c200000|  0%| F|  |TAMS 0x000000008c100000, 0x000000008c100000| Untracked 
| 194|0x000000008c200000, 0x000000008c200000, 0x000000008c300000|  0%| F|  |TAMS 0x000000008c200000, 0x000000008c200000| Untracked 
| 195|0x000000008c300000, 0x000000008c300000, 0x000000008c400000|  0%| F|  |TAMS 0x000000008c300000, 0x000000008c300000| Untracked 
| 196|0x000000008c400000, 0x000000008c400000, 0x000000008c500000|  0%| F|  |TAMS 0x000000008c400000, 0x000000008c400000| Untracked 
| 197|0x000000008c500000, 0x000000008c500000, 0x000000008c600000|  0%| F|  |TAMS 0x000000008c500000, 0x000000008c500000| Untracked 
| 198|0x000000008c600000, 0x000000008c600000, 0x000000008c700000|  0%| F|  |TAMS 0x000000008c600000, 0x000000008c600000| Untracked 
| 199|0x000000008c700000, 0x000000008c700000, 0x000000008c800000|  0%| F|  |TAMS 0x000000008c700000, 0x000000008c700000| Untracked 
| 200|0x000000008c800000, 0x000000008c800000, 0x000000008c900000|  0%| F|  |TAMS 0x000000008c800000, 0x000000008c800000| Untracked 
| 201|0x000000008c900000, 0x000000008c900000, 0x000000008ca00000|  0%| F|  |TAMS 0x000000008c900000, 0x000000008c900000| Untracked 
| 202|0x000000008ca00000, 0x000000008ca00000, 0x000000008cb00000|  0%| F|  |TAMS 0x000000008ca00000, 0x000000008ca00000| Untracked 
| 203|0x000000008cb00000, 0x000000008cb00000, 0x000000008cc00000|  0%| F|  |TAMS 0x000000008cb00000, 0x000000008cb00000| Untracked 
| 204|0x000000008cc00000, 0x000000008cc00000, 0x000000008cd00000|  0%| F|  |TAMS 0x000000008cc00000, 0x000000008cc00000| Untracked 
| 205|0x000000008cd00000, 0x000000008cd00000, 0x000000008ce00000|  0%| F|  |TAMS 0x000000008cd00000, 0x000000008cd00000| Untracked 
| 206|0x000000008ce00000, 0x000000008ce00000, 0x000000008cf00000|  0%| F|  |TAMS 0x000000008ce00000, 0x000000008ce00000| Untracked 
| 207|0x000000008cf00000, 0x000000008cf00000, 0x000000008d000000|  0%| F|  |TAMS 0x000000008cf00000, 0x000000008cf00000| Untracked 
| 208|0x000000008d000000, 0x000000008d000000, 0x000000008d100000|  0%| F|  |TAMS 0x000000008d000000, 0x000000008d000000| Untracked 
| 209|0x000000008d100000, 0x000000008d100000, 0x000000008d200000|  0%| F|  |TAMS 0x000000008d100000, 0x000000008d100000| Untracked 
| 210|0x000000008d200000, 0x000000008d200000, 0x000000008d300000|  0%| F|  |TAMS 0x000000008d200000, 0x000000008d200000| Untracked 
| 211|0x000000008d300000, 0x000000008d300000, 0x000000008d400000|  0%| F|  |TAMS 0x000000008d300000, 0x000000008d300000| Untracked 
| 212|0x000000008d400000, 0x000000008d400000, 0x000000008d500000|  0%| F|  |TAMS 0x000000008d400000, 0x000000008d400000| Untracked 
| 213|0x000000008d500000, 0x000000008d500000, 0x000000008d600000|  0%| F|  |TAMS 0x000000008d500000, 0x000000008d500000| Untracked 
| 214|0x000000008d600000, 0x000000008d600000, 0x000000008d700000|  0%| F|  |TAMS 0x000000008d600000, 0x000000008d600000| Untracked 
| 215|0x000000008d700000, 0x000000008d700000, 0x000000008d800000|  0%| F|  |TAMS 0x000000008d700000, 0x000000008d700000| Untracked 
| 216|0x000000008d800000, 0x000000008d800000, 0x000000008d900000|  0%| F|  |TAMS 0x000000008d800000, 0x000000008d800000| Untracked 
| 217|0x000000008d900000, 0x000000008d900000, 0x000000008da00000|  0%| F|  |TAMS 0x000000008d900000, 0x000000008d900000| Untracked 
| 218|0x000000008da00000, 0x000000008da00000, 0x000000008db00000|  0%| F|  |TAMS 0x000000008da00000, 0x000000008da00000| Untracked 
| 219|0x000000008db00000, 0x000000008db00000, 0x000000008dc00000|  0%| F|  |TAMS 0x000000008db00000, 0x000000008db00000| Untracked 
| 220|0x000000008dc00000, 0x000000008dc00000, 0x000000008dd00000|  0%| F|  |TAMS 0x000000008dc00000, 0x000000008dc00000| Untracked 
| 221|0x000000008dd00000, 0x000000008dd00000, 0x000000008de00000|  0%| F|  |TAMS 0x000000008dd00000, 0x000000008dd00000| Untracked 
| 222|0x000000008de00000, 0x000000008de00000, 0x000000008df00000|  0%| F|  |TAMS 0x000000008de00000, 0x000000008de00000| Untracked 
| 223|0x000000008df00000, 0x000000008df00000, 0x000000008e000000|  0%| F|  |TAMS 0x000000008df00000, 0x000000008df00000| Untracked 
| 224|0x000000008e000000, 0x000000008e000000, 0x000000008e100000|  0%| F|  |TAMS 0x000000008e000000, 0x000000008e000000| Untracked 
| 225|0x000000008e100000, 0x000000008e100000, 0x000000008e200000|  0%| F|  |TAMS 0x000000008e100000, 0x000000008e100000| Untracked 
| 226|0x000000008e200000, 0x000000008e200000, 0x000000008e300000|  0%| F|  |TAMS 0x000000008e200000, 0x000000008e200000| Untracked 
| 227|0x000000008e300000, 0x000000008e300000, 0x000000008e400000|  0%| F|  |TAMS 0x000000008e300000, 0x000000008e300000| Untracked 
| 228|0x000000008e400000, 0x000000008e400000, 0x000000008e500000|  0%| F|  |TAMS 0x000000008e400000, 0x000000008e400000| Untracked 
| 229|0x000000008e500000, 0x000000008e500000, 0x000000008e600000|  0%| F|  |TAMS 0x000000008e500000, 0x000000008e500000| Untracked 
| 230|0x000000008e600000, 0x000000008e600000, 0x000000008e700000|  0%| F|  |TAMS 0x000000008e600000, 0x000000008e600000| Untracked 
| 231|0x000000008e700000, 0x000000008e700000, 0x000000008e800000|  0%| F|  |TAMS 0x000000008e700000, 0x000000008e700000| Untracked 
| 232|0x000000008e800000, 0x000000008e800000, 0x000000008e900000|  0%| F|  |TAMS 0x000000008e800000, 0x000000008e800000| Untracked 
| 233|0x000000008e900000, 0x000000008e900000, 0x000000008ea00000|  0%| F|  |TAMS 0x000000008e900000, 0x000000008e900000| Untracked 
| 234|0x000000008ea00000, 0x000000008ea00000, 0x000000008eb00000|  0%| F|  |TAMS 0x000000008ea00000, 0x000000008ea00000| Untracked 
| 235|0x000000008eb00000, 0x000000008eb00000, 0x000000008ec00000|  0%| F|  |TAMS 0x000000008eb00000, 0x000000008eb00000| Untracked 
| 236|0x000000008ec00000, 0x000000008ec00000, 0x000000008ed00000|  0%| F|  |TAMS 0x000000008ec00000, 0x000000008ec00000| Untracked 
| 237|0x000000008ed00000, 0x000000008ed00000, 0x000000008ee00000|  0%| F|  |TAMS 0x000000008ed00000, 0x000000008ed00000| Untracked 
| 238|0x000000008ee00000, 0x000000008ee00000, 0x000000008ef00000|  0%| F|  |TAMS 0x000000008ee00000, 0x000000008ee00000| Untracked 
| 239|0x000000008ef00000, 0x000000008ef00000, 0x000000008f000000|  0%| F|  |TAMS 0x000000008ef00000, 0x000000008ef00000| Untracked 
| 240|0x000000008f000000, 0x000000008f000000, 0x000000008f100000|  0%| F|  |TAMS 0x000000008f000000, 0x000000008f000000| Untracked 
| 241|0x000000008f100000, 0x000000008f100000, 0x000000008f200000|  0%| F|  |TAMS 0x000000008f100000, 0x000000008f100000| Untracked 
| 242|0x000000008f200000, 0x000000008f200000, 0x000000008f300000|  0%| F|  |TAMS 0x000000008f200000, 0x000000008f200000| Untracked 
| 243|0x000000008f300000, 0x000000008f300000, 0x000000008f400000|  0%| F|  |TAMS 0x000000008f300000, 0x000000008f300000| Untracked 
| 244|0x000000008f400000, 0x000000008f400000, 0x000000008f500000|  0%| F|  |TAMS 0x000000008f400000, 0x000000008f400000| Untracked 
| 245|0x000000008f500000, 0x000000008f500000, 0x000000008f600000|  0%| F|  |TAMS 0x000000008f500000, 0x000000008f500000| Untracked 
| 246|0x000000008f600000, 0x000000008f600000, 0x000000008f700000|  0%| F|  |TAMS 0x000000008f600000, 0x000000008f600000| Untracked 
| 247|0x000000008f700000, 0x000000008f700000, 0x000000008f800000|  0%| F|  |TAMS 0x000000008f700000, 0x000000008f700000| Untracked 
| 248|0x000000008f800000, 0x000000008f800000, 0x000000008f900000|  0%| F|  |TAMS 0x000000008f800000, 0x000000008f800000| Untracked 
| 249|0x000000008f900000, 0x000000008f900000, 0x000000008fa00000|  0%| F|  |TAMS 0x000000008f900000, 0x000000008f900000| Untracked 
| 250|0x000000008fa00000, 0x000000008fa00000, 0x000000008fb00000|  0%| F|  |TAMS 0x000000008fa00000, 0x000000008fa00000| Untracked 
| 251|0x000000008fb00000, 0x000000008fb00000, 0x000000008fc00000|  0%| F|  |TAMS 0x000000008fb00000, 0x000000008fb00000| Untracked 
| 252|0x000000008fc00000, 0x000000008fc32d70, 0x000000008fd00000| 19%| E|  |TAMS 0x000000008fc00000, 0x000000008fc00000| Complete 
| 253|0x000000008fd00000, 0x000000008fe00000, 0x000000008fe00000|100%| E|CS|TAMS 0x000000008fd00000, 0x000000008fd00000| Complete 
| 254|0x000000008fe00000, 0x000000008ff00000, 0x000000008ff00000|100%| E|CS|TAMS 0x000000008fe00000, 0x000000008fe00000| Complete 
| 255|0x000000008ff00000, 0x0000000090000000, 0x0000000090000000|100%| E|CS|TAMS 0x000000008ff00000, 0x000000008ff00000| Complete 
| 256|0x0000000090000000, 0x0000000090100000, 0x0000000090100000|100%| E|CS|TAMS 0x0000000090000000, 0x0000000090000000| Complete 
| 257|0x0000000090100000, 0x0000000090200000, 0x0000000090200000|100%| E|CS|TAMS 0x0000000090100000, 0x0000000090100000| Complete 
| 258|0x0000000090200000, 0x0000000090300000, 0x0000000090300000|100%| E|CS|TAMS 0x0000000090200000, 0x0000000090200000| Complete 
| 259|0x0000000090300000, 0x0000000090400000, 0x0000000090400000|100%| E|CS|TAMS 0x0000000090300000, 0x0000000090300000| Complete 
| 260|0x0000000090400000, 0x0000000090500000, 0x0000000090500000|100%| E|CS|TAMS 0x0000000090400000, 0x0000000090400000| Complete 
| 261|0x0000000090500000, 0x0000000090600000, 0x0000000090600000|100%| E|CS|TAMS 0x0000000090500000, 0x0000000090500000| Complete 
| 262|0x0000000090600000, 0x0000000090700000, 0x0000000090700000|100%| E|CS|TAMS 0x0000000090600000, 0x0000000090600000| Complete 
| 263|0x0000000090700000, 0x0000000090800000, 0x0000000090800000|100%| E|CS|TAMS 0x0000000090700000, 0x0000000090700000| Complete 
| 264|0x0000000090800000, 0x0000000090900000, 0x0000000090900000|100%| E|CS|TAMS 0x0000000090800000, 0x0000000090800000| Complete 
| 265|0x0000000090900000, 0x0000000090a00000, 0x0000000090a00000|100%| E|CS|TAMS 0x0000000090900000, 0x0000000090900000| Complete 
| 266|0x0000000090a00000, 0x0000000090b00000, 0x0000000090b00000|100%| E|CS|TAMS 0x0000000090a00000, 0x0000000090a00000| Complete 
| 267|0x0000000090b00000, 0x0000000090c00000, 0x0000000090c00000|100%| E|CS|TAMS 0x0000000090b00000, 0x0000000090b00000| Complete 
| 268|0x0000000090c00000, 0x0000000090d00000, 0x0000000090d00000|100%| E|CS|TAMS 0x0000000090c00000, 0x0000000090c00000| Complete 
| 269|0x0000000090d00000, 0x0000000090e00000, 0x0000000090e00000|100%| E|CS|TAMS 0x0000000090d00000, 0x0000000090d00000| Complete 
| 270|0x0000000090e00000, 0x0000000090f00000, 0x0000000090f00000|100%| E|CS|TAMS 0x0000000090e00000, 0x0000000090e00000| Complete 
| 271|0x0000000090f00000, 0x0000000091000000, 0x0000000091000000|100%| E|CS|TAMS 0x0000000090f00000, 0x0000000090f00000| Complete 
| 272|0x0000000091000000, 0x0000000091100000, 0x0000000091100000|100%| E|CS|TAMS 0x0000000091000000, 0x0000000091000000| Complete 
| 273|0x0000000091100000, 0x0000000091200000, 0x0000000091200000|100%| E|CS|TAMS 0x0000000091100000, 0x0000000091100000| Complete 
| 274|0x0000000091200000, 0x0000000091300000, 0x0000000091300000|100%| E|CS|TAMS 0x0000000091200000, 0x0000000091200000| Complete 
| 275|0x0000000091300000, 0x0000000091400000, 0x0000000091400000|100%| E|CS|TAMS 0x0000000091300000, 0x0000000091300000| Complete 
| 276|0x0000000091400000, 0x0000000091500000, 0x0000000091500000|100%| E|CS|TAMS 0x0000000091400000, 0x0000000091400000| Complete 
| 277|0x0000000091500000, 0x0000000091600000, 0x0000000091600000|100%| E|CS|TAMS 0x0000000091500000, 0x0000000091500000| Complete 
| 278|0x0000000091600000, 0x0000000091700000, 0x0000000091700000|100%| E|CS|TAMS 0x0000000091600000, 0x0000000091600000| Complete 
| 279|0x0000000091700000, 0x0000000091800000, 0x0000000091800000|100%| E|CS|TAMS 0x0000000091700000, 0x0000000091700000| Complete 
| 280|0x0000000091800000, 0x0000000091900000, 0x0000000091900000|100%| E|CS|TAMS 0x0000000091800000, 0x0000000091800000| Complete 
| 281|0x0000000091900000, 0x0000000091a00000, 0x0000000091a00000|100%| E|CS|TAMS 0x0000000091900000, 0x0000000091900000| Complete 
| 282|0x0000000091a00000, 0x0000000091b00000, 0x0000000091b00000|100%| E|CS|TAMS 0x0000000091a00000, 0x0000000091a00000| Complete 
| 283|0x0000000091b00000, 0x0000000091c00000, 0x0000000091c00000|100%| E|CS|TAMS 0x0000000091b00000, 0x0000000091b00000| Complete 
| 284|0x0000000091c00000, 0x0000000091d00000, 0x0000000091d00000|100%| E|CS|TAMS 0x0000000091c00000, 0x0000000091c00000| Complete 
| 285|0x0000000091d00000, 0x0000000091e00000, 0x0000000091e00000|100%| E|CS|TAMS 0x0000000091d00000, 0x0000000091d00000| Complete 
| 286|0x0000000091e00000, 0x0000000091f00000, 0x0000000091f00000|100%| E|CS|TAMS 0x0000000091e00000, 0x0000000091e00000| Complete 
| 287|0x0000000091f00000, 0x0000000092000000, 0x0000000092000000|100%| E|CS|TAMS 0x0000000091f00000, 0x0000000091f00000| Complete 
| 288|0x0000000092000000, 0x0000000092100000, 0x0000000092100000|100%| E|CS|TAMS 0x0000000092000000, 0x0000000092000000| Complete 
| 289|0x0000000092100000, 0x0000000092200000, 0x0000000092200000|100%| E|CS|TAMS 0x0000000092100000, 0x0000000092100000| Complete 
| 290|0x0000000092200000, 0x0000000092300000, 0x0000000092300000|100%| E|CS|TAMS 0x0000000092200000, 0x0000000092200000| Complete 
| 291|0x0000000092300000, 0x0000000092400000, 0x0000000092400000|100%| E|CS|TAMS 0x0000000092300000, 0x0000000092300000| Complete 
| 292|0x0000000092400000, 0x0000000092500000, 0x0000000092500000|100%| E|CS|TAMS 0x0000000092400000, 0x0000000092400000| Complete 
| 293|0x0000000092500000, 0x0000000092600000, 0x0000000092600000|100%| E|CS|TAMS 0x0000000092500000, 0x0000000092500000| Complete 
| 294|0x0000000092600000, 0x0000000092700000, 0x0000000092700000|100%| E|CS|TAMS 0x0000000092600000, 0x0000000092600000| Complete 
| 295|0x0000000092700000, 0x0000000092800000, 0x0000000092800000|100%| E|CS|TAMS 0x0000000092700000, 0x0000000092700000| Complete 

Card table byte_map: [0x00000243fd2a0000,0x00000243fd6a0000] _byte_map_base: 0x00000243fcea0000

Marking Bits (Prev, Next): (CMBitMap*) 0x00000243f53ff4d0, (CMBitMap*) 0x00000243f53ff490
 Prev Bits: [0x000002438f000000, 0x0000024391000000)
 Next Bits: [0x00000243fdaa0000, 0x00000243ffaa0000)

Polling page: 0x00000243f3390000

Metaspace:

Usage:
  Non-class:     58.48 MB used.
      Class:      9.65 MB used.
       Both:     68.13 MB used.

Virtual space:
  Non-class space:       64.00 MB reserved,      58.88 MB ( 92%) committed,  1 nodes.
      Class space:      416.00 MB reserved,      10.00 MB (  2%) committed,  1 nodes.
             Both:      480.00 MB reserved,      68.88 MB ( 14%) committed. 

Chunk freelists:
   Non-Class:  4.66 MB
       Class:  6.01 MB
        Both:  10.67 MB

MaxMetaspaceSize: 512.00 MB
CompressedClassSpaceSize: 416.00 MB
Initial GC threshold: 21.00 MB
Current GC threshold: 106.56 MB
CDS: on
MetaspaceReclaimPolicy: balanced
 - commit_granule_bytes: 65536.
 - commit_granule_words: 8192.
 - virtual_space_node_default_size: 8388608.
 - enlarge_chunks_in_place: 1.
 - new_chunks_are_fully_committed: 0.
 - uncommit_free_chunks: 1.
 - use_allocation_guard: 0.
 - handle_deallocations: 1.


Internal statistics:

num_allocs_failed_limit: 6.
num_arena_births: 1032.
num_arena_deaths: 0.
num_vsnodes_births: 2.
num_vsnodes_deaths: 0.
num_space_committed: 1102.
num_space_uncommitted: 0.
num_chunks_returned_to_freelist: 6.
num_chunks_taken_from_freelist: 4102.
num_chunk_merges: 6.
num_chunk_splits: 2614.
num_chunks_enlarged: 1618.
num_inconsistent_stats: 0.

CodeHeap 'non-profiled nmethods': size=120000Kb used=5936Kb max_used=5936Kb free=114064Kb
 bounds [0x0000024387ad0000, 0x00000243880a0000, 0x000002438f000000]
CodeHeap 'profiled nmethods': size=120000Kb used=19138Kb max_used=19138Kb free=100861Kb
 bounds [0x0000024380000000, 0x00000243812c0000, 0x0000024387530000]
CodeHeap 'non-nmethods': size=5760Kb used=2425Kb max_used=2476Kb free=3335Kb
 bounds [0x0000024387530000, 0x00000243877b0000, 0x0000024387ad0000]
 total_blobs=10701 nmethods=9803 adapters=808
 compilation: enabled
              stopped_count=0, restarted_count=0
 full_count=0

Compilation events (20 events):
Event: 19.573 Thread 0x00000243b21593e0 nmethod 10579 0x00000243812a1b90 code [0x00000243812a1d20, 0x00000243812a1e18]
Event: 19.574 Thread 0x00000243fffb2830 nmethod 10580 0x000002438809bb90 code [0x000002438809bd20, 0x000002438809bea8]
Event: 19.575 Thread 0x00000243fffb2830 10581   !   4       java.util.concurrent.FutureTask::run (123 bytes)
Event: 19.575 Thread 0x00000243b69c8f40 10582       4       org.gradle.cache.internal.ExclusiveCacheAccessingWorker$1::call (10 bytes)
Event: 19.585 Thread 0x00000243b21593e0 10584       3       com.google.common.collect.AbstractMapEntry::hashCode (36 bytes)
Event: 19.586 Thread 0x00000243b21593e0 nmethod 10584 0x00000243812a1f10 code [0x00000243812a20e0, 0x00000243812a2478]
Event: 19.589 Thread 0x00000243b21593e0 10585       3       java.util.concurrent.ThreadPoolExecutor::workerCountOf (5 bytes)
Event: 19.589 Thread 0x00000243b21593e0 nmethod 10585 0x00000243812a2610 code [0x00000243812a27a0, 0x00000243812a2898]
Event: 19.595 Thread 0x00000243b21593e0 10586       3       groovy.lang.GroovySystem::getMetaClassRegistry (4 bytes)
Event: 19.595 Thread 0x00000243b21593e0 nmethod 10586 0x00000243812a2910 code [0x00000243812a2aa0, 0x00000243812a2b98]
Event: 19.598 Thread 0x00000243b21593e0 10587       3       groovyjarjarasm.asm.Symbol::<init> (38 bytes)
Event: 19.598 Thread 0x00000243b21593e0 nmethod 10587 0x00000243812a2c10 code [0x00000243812a2dc0, 0x00000243812a3058]
Event: 19.599 Thread 0x00000243b21593e0 10588       3       groovyjarjarasm.asm.SymbolTable::put (150 bytes)
Event: 19.599 Thread 0x00000243b21593e0 nmethod 10588 0x00000243812a3190 code [0x00000243812a3380, 0x00000243812a3c18]
Event: 19.599 Thread 0x00000243b21593e0 10589       3       groovyjarjarasm.asm.ByteVector::putUTF8 (144 bytes)
Event: 19.600 Thread 0x00000243b21593e0 nmethod 10589 0x00000243812a3f10 code [0x00000243812a4180, 0x00000243812a4ce8]
Event: 19.602 Thread 0x00000243b21593e0 10590       3       jdk.internal.loader.URLClassPath$Loader::<init> (10 bytes)
Event: 19.603 Thread 0x00000243b21593e0 nmethod 10590 0x00000243812a5210 code [0x00000243812a53a0, 0x00000243812a5558]
Event: 19.611 Thread 0x00000243b21593e0 10592       3       jdk.internal.loader.URLClassPath$3::run (172 bytes)
Event: 19.611 Thread 0x00000243b21593e0 nmethod 10592 0x00000243812a5610 code [0x00000243812a5940, 0x00000243812a6b28]

GC Heap History (20 events):
Event: 15.019 GC heap before
{Heap before GC invocations=27 (full 0):
 garbage-first heap   total 117760K, used 93338K [0x0000000080000000, 0x0000000100000000)
  region size 1024K, 30 young (30720K), 1 survivors (1024K)
 Metaspace       used 61828K, committed 62400K, reserved 491520K
  class space    used 8747K, committed 9024K, reserved 425984K
}
Event: 15.024 GC heap after
{Heap after GC invocations=28 (full 0):
 garbage-first heap   total 117760K, used 68291K [0x0000000080000000, 0x0000000100000000)
  region size 1024K, 4 young (4096K), 4 survivors (4096K)
 Metaspace       used 61828K, committed 62400K, reserved 491520K
  class space    used 8747K, committed 9024K, reserved 425984K
}
Event: 15.036 GC heap before
{Heap before GC invocations=28 (full 0):
 garbage-first heap   total 117760K, used 69315K [0x0000000080000000, 0x0000000100000000)
  region size 1024K, 5 young (5120K), 4 survivors (4096K)
 Metaspace       used 61913K, committed 62528K, reserved 491520K
  class space    used 8759K, committed 9024K, reserved 425984K
}
Event: 15.039 GC heap after
{Heap after GC invocations=29 (full 0):
 garbage-first heap   total 151552K, used 68412K [0x0000000080000000, 0x0000000100000000)
  region size 1024K, 1 young (1024K), 1 survivors (1024K)
 Metaspace       used 61913K, committed 62528K, reserved 491520K
  class space    used 8759K, committed 9024K, reserved 425984K
}
Event: 16.020 GC heap before
{Heap before GC invocations=29 (full 0):
 garbage-first heap   total 151552K, used 120636K [0x0000000080000000, 0x0000000100000000)
  region size 1024K, 52 young (53248K), 1 survivors (1024K)
 Metaspace       used 64524K, committed 65216K, reserved 491520K
  class space    used 9120K, committed 9472K, reserved 425984K
}
Event: 16.028 GC heap after
{Heap after GC invocations=30 (full 0):
 garbage-first heap   total 151552K, used 73223K [0x0000000080000000, 0x0000000100000000)
  region size 1024K, 6 young (6144K), 6 survivors (6144K)
 Metaspace       used 64524K, committed 65216K, reserved 491520K
  class space    used 9120K, committed 9472K, reserved 425984K
}
Event: 16.982 GC heap before
{Heap before GC invocations=31 (full 0):
 garbage-first heap   total 151552K, used 120327K [0x0000000080000000, 0x0000000100000000)
  region size 1024K, 52 young (53248K), 6 survivors (6144K)
 Metaspace       used 67594K, committed 68352K, reserved 491520K
  class space    used 9665K, committed 10048K, reserved 425984K
}
Event: 16.989 GC heap after
{Heap after GC invocations=32 (full 0):
 garbage-first heap   total 151552K, used 76654K [0x0000000080000000, 0x0000000100000000)
  region size 1024K, 5 young (5120K), 5 survivors (5120K)
 Metaspace       used 67594K, committed 68352K, reserved 491520K
  class space    used 9665K, committed 10048K, reserved 425984K
}
Event: 17.027 GC heap before
{Heap before GC invocations=32 (full 0):
 garbage-first heap   total 151552K, used 78702K [0x0000000080000000, 0x0000000100000000)
  region size 1024K, 7 young (7168K), 5 survivors (5120K)
 Metaspace       used 67609K, committed 68352K, reserved 491520K
  class space    used 9665K, committed 10048K, reserved 425984K
}
Event: 17.033 GC heap after
{Heap after GC invocations=33 (full 0):
 garbage-first heap   total 151552K, used 75515K [0x0000000080000000, 0x0000000100000000)
  region size 1024K, 1 young (1024K), 1 survivors (1024K)
 Metaspace       used 67609K, committed 68352K, reserved 491520K
  class space    used 9665K, committed 10048K, reserved 425984K
}
Event: 17.829 GC heap before
{Heap before GC invocations=33 (full 0):
 garbage-first heap   total 151552K, used 122619K [0x0000000080000000, 0x0000000100000000)
  region size 1024K, 46 young (47104K), 1 survivors (1024K)
 Metaspace       used 69196K, committed 70016K, reserved 491520K
  class space    used 9868K, committed 10240K, reserved 425984K
}
Event: 17.835 GC heap after
{Heap after GC invocations=34 (full 0):
 garbage-first heap   total 151552K, used 81743K [0x0000000080000000, 0x0000000100000000)
  region size 1024K, 6 young (6144K), 6 survivors (6144K)
 Metaspace       used 69196K, committed 70016K, reserved 491520K
  class space    used 9868K, committed 10240K, reserved 425984K
}
Event: 18.390 GC heap before
{Heap before GC invocations=34 (full 0):
 garbage-first heap   total 151552K, used 119631K [0x0000000080000000, 0x0000000100000000)
  region size 1024K, 44 young (45056K), 6 survivors (6144K)
 Metaspace       used 69660K, committed 70400K, reserved 491520K
  class space    used 9873K, committed 10240K, reserved 425984K
}
Event: 18.396 GC heap after
{Heap after GC invocations=35 (full 0):
 garbage-first heap   total 151552K, used 85114K [0x0000000080000000, 0x0000000100000000)
  region size 1024K, 6 young (6144K), 6 survivors (6144K)
 Metaspace       used 69660K, committed 70400K, reserved 491520K
  class space    used 9873K, committed 10240K, reserved 425984K
}
Event: 18.628 GC heap before
{Heap before GC invocations=35 (full 0):
 garbage-first heap   total 151552K, used 119930K [0x0000000080000000, 0x0000000100000000)
  region size 1024K, 41 young (41984K), 6 survivors (6144K)
 Metaspace       used 69717K, committed 70464K, reserved 491520K
  class space    used 9873K, committed 10240K, reserved 425984K
}
Event: 18.632 GC heap after
{Heap after GC invocations=36 (full 0):
 garbage-first heap   total 151552K, used 85922K [0x0000000080000000, 0x0000000100000000)
  region size 1024K, 4 young (4096K), 4 survivors (4096K)
 Metaspace       used 69717K, committed 70464K, reserved 491520K
  class space    used 9873K, committed 10240K, reserved 425984K
}
Event: 18.837 GC heap before
{Heap before GC invocations=36 (full 0):
 garbage-first heap   total 151552K, used 121762K [0x0000000080000000, 0x0000000100000000)
  region size 1024K, 39 young (39936K), 4 survivors (4096K)
 Metaspace       used 69722K, committed 70464K, reserved 491520K
  class space    used 9873K, committed 10240K, reserved 425984K
}
Event: 18.840 GC heap after
{Heap after GC invocations=37 (full 0):
 garbage-first heap   total 151552K, used 86757K [0x0000000080000000, 0x0000000100000000)
  region size 1024K, 4 young (4096K), 4 survivors (4096K)
 Metaspace       used 69722K, committed 70464K, reserved 491520K
  class space    used 9873K, committed 10240K, reserved 425984K
}
Event: 19.187 GC heap before
{Heap before GC invocations=37 (full 0):
 garbage-first heap   total 151552K, used 121573K [0x0000000080000000, 0x0000000100000000)
  region size 1024K, 39 young (39936K), 4 survivors (4096K)
 Metaspace       used 69727K, committed 70464K, reserved 491520K
  class space    used 9873K, committed 10240K, reserved 425984K
}
Event: 19.192 GC heap after
{Heap after GC invocations=38 (full 0):
 garbage-first heap   total 303104K, used 87318K [0x0000000080000000, 0x0000000100000000)
  region size 1024K, 4 young (4096K), 4 survivors (4096K)
 Metaspace       used 69727K, committed 70464K, reserved 491520K
  class space    used 9873K, committed 10240K, reserved 425984K
}

Dll operation events (14 events):
Event: 0.017 Loaded shared library C:\Program Files\Microsoft\jdk-17.0.8.7-hotspot\bin\java.dll
Event: 0.037 Loaded shared library C:\Program Files\Microsoft\jdk-17.0.8.7-hotspot\bin\jsvml.dll
Event: 0.176 Loaded shared library C:\Program Files\Microsoft\jdk-17.0.8.7-hotspot\bin\zip.dll
Event: 0.179 Loaded shared library C:\Program Files\Microsoft\jdk-17.0.8.7-hotspot\bin\instrument.dll
Event: 0.184 Loaded shared library C:\Program Files\Microsoft\jdk-17.0.8.7-hotspot\bin\net.dll
Event: 0.186 Loaded shared library C:\Program Files\Microsoft\jdk-17.0.8.7-hotspot\bin\nio.dll
Event: 0.189 Loaded shared library C:\Program Files\Microsoft\jdk-17.0.8.7-hotspot\bin\zip.dll
Event: 0.714 Loaded shared library C:\Program Files\Microsoft\jdk-17.0.8.7-hotspot\bin\jimage.dll
Event: 0.908 Loaded shared library C:\Program Files\Microsoft\jdk-17.0.8.7-hotspot\bin\verify.dll
Event: 1.178 Loaded shared library C:\Users\pc\.gradle\native\c067742578af261105cb4f569cf0c3c89f3d7b1fecec35dd04571415982c5e48\windows-amd64\native-platform.dll
Event: 1.208 Loaded shared library C:\Users\pc\.gradle\native\100fb08df4bc3b14c8652ba06237920a3bd2aa13389f12d3474272988ae205f9\windows-amd64\native-platform-file-events.dll
Event: 2.991 Loaded shared library C:\Program Files\Microsoft\jdk-17.0.8.7-hotspot\bin\management.dll
Event: 2.993 Loaded shared library C:\Program Files\Microsoft\jdk-17.0.8.7-hotspot\bin\management_ext.dll
Event: 3.543 Loaded shared library C:\Program Files\Microsoft\jdk-17.0.8.7-hotspot\bin\sunmscapi.dll

Deoptimization events (20 events):
Event: 19.044 Thread 0x00000243b3cad820 DEOPT PACKING pc=0x000002438805662c sp=0x000000b71a0f70c0
Event: 19.045 Thread 0x00000243b54fbc30 Uncommon trap: trap_request=0xffffffd6 fr.pc=0x000002438805662c relative=0x00000000000018ec
Event: 19.045 Thread 0x00000243b54fbc30 Uncommon trap: reason=array_check action=maybe_recompile pc=0x000002438805662c method=java.util.TimSort.reverseRange([Ljava/lang/Object;II)V @ 20 c2
Event: 19.045 Thread 0x00000243b54fbc30 DEOPT PACKING pc=0x000002438805662c sp=0x000000b71bbfd270
Event: 19.045 Thread 0x00000243b54fbc30 DEOPT UNPACKING pc=0x00000243875869a3 sp=0x000000b71bbfd128 mode 2
Event: 19.045 Thread 0x00000243b3cad820 DEOPT UNPACKING pc=0x00000243875869a3 sp=0x000000b71a0f6f78 mode 2
Event: 19.118 Thread 0x00000243b3cad820 Uncommon trap: trap_request=0xffffffd6 fr.pc=0x000002438805beb8 relative=0x0000000000001a78
Event: 19.118 Thread 0x00000243b3cad820 Uncommon trap: reason=array_check action=maybe_recompile pc=0x000002438805beb8 method=java.util.TimSort.reverseRange([Ljava/lang/Object;II)V @ 27 c2
Event: 19.118 Thread 0x00000243b3cad820 DEOPT PACKING pc=0x000002438805beb8 sp=0x000000b71a0f7080
Event: 19.118 Thread 0x00000243b3cad820 DEOPT UNPACKING pc=0x00000243875869a3 sp=0x000000b71a0f6f48 mode 2
Event: 19.119 Thread 0x00000243b54fbc30 Uncommon trap: trap_request=0xffffffd6 fr.pc=0x000002438805beb8 relative=0x0000000000001a78
Event: 19.119 Thread 0x00000243b54fbc30 Uncommon trap: reason=array_check action=maybe_recompile pc=0x000002438805beb8 method=java.util.TimSort.reverseRange([Ljava/lang/Object;II)V @ 27 c2
Event: 19.119 Thread 0x00000243b54fbc30 DEOPT PACKING pc=0x000002438805beb8 sp=0x000000b71bbfd230
Event: 19.119 Thread 0x00000243b54fbc30 DEOPT UNPACKING pc=0x00000243875869a3 sp=0x000000b71bbfd0f8 mode 2
Event: 19.610 Thread 0x00000243b3cad820 DEOPT PACKING pc=0x000002438026d861 sp=0x000000b71a0f7ae0
Event: 19.610 Thread 0x00000243b3cad820 DEOPT UNPACKING pc=0x0000024387587143 sp=0x000000b71a0f7060 mode 0
Event: 19.613 Thread 0x00000243b3cad820 Uncommon trap: trap_request=0xffffff45 fr.pc=0x0000024387def680 relative=0x00000000000022c0
Event: 19.613 Thread 0x00000243b3cad820 Uncommon trap: reason=unstable_if action=reinterpret pc=0x0000024387def680 method=java.util.zip.ZipFile.getInputStream(Ljava/util/zip/ZipEntry;)Ljava/io/InputStream; @ 101 c2
Event: 19.613 Thread 0x00000243b3cad820 DEOPT PACKING pc=0x0000024387def680 sp=0x000000b71a0f7da0
Event: 19.613 Thread 0x00000243b3cad820 DEOPT UNPACKING pc=0x00000243875869a3 sp=0x000000b71a0f7d68 mode 2

Classes unloaded (0 events):
No events

Classes redefined (0 events):
No events

Internal exceptions (20 events):
Event: 17.734 Thread 0x00000243b3cad820 Exception <a 'java/lang/ClassNotFoundException'{0x0000000086b80c28}: java/util/AbstractCollectionBeanInfo> (0x0000000086b80c28) 
thrown [s\src\hotspot\share\classfile\systemDictionary.cpp, line 256]
Event: 17.734 Thread 0x00000243b3cad820 Exception <a 'java/lang/ClassNotFoundException'{0x0000000086b889d8}: java/util/AbstractCollectionCustomizer> (0x0000000086b889d8) 
thrown [s\src\hotspot\share\classfile\systemDictionary.cpp, line 256]
Event: 17.736 Thread 0x00000243b3cad820 Exception <a 'java/lang/ClassNotFoundException'{0x0000000086ba84f8}: org/gradle/api/internal/DefaultDomainObjectCollectionCustomizer> (0x0000000086ba84f8) 
thrown [s\src\hotspot\share\classfile\systemDictionary.cpp, line 256]
Event: 17.737 Thread 0x00000243b3cad820 Exception <a 'java/lang/ClassNotFoundException'{0x0000000086bde938}: org/gradle/api/internal/DefaultNamedDomainObjectCollectionCustomizer> (0x0000000086bde938) 
thrown [s\src\hotspot\share\classfile\systemDictionary.cpp, line 256]
Event: 17.739 Thread 0x00000243b3cad820 Exception <a 'java/lang/ClassNotFoundException'{0x0000000086a1dce8}: org/gradle/api/internal/DefaultNamedDomainObjectListCustomizer> (0x0000000086a1dce8) 
thrown [s\src\hotspot\share\classfile\systemDictionary.cpp, line 256]
Event: 17.741 Thread 0x00000243b3cad820 Exception <a 'java/lang/ClassNotFoundException'{0x0000000086a541a0}: org/gradle/api/internal/artifacts/DefaultArtifactRepositoryContainerCustomizer> (0x0000000086a541a0) 
thrown [s\src\hotspot\share\classfile\systemDictionary.cpp, line 256]
Event: 17.742 Thread 0x00000243b3cad820 Exception <a 'java/lang/ClassNotFoundException'{0x0000000086a7eaf0}: org/gradle/api/internal/artifacts/dsl/DefaultRepositoryHandlerCustomizer> (0x0000000086a7eaf0) 
thrown [s\src\hotspot\share\classfile\systemDictionary.cpp, line 256]
Event: 17.744 Thread 0x00000243b3cad820 Exception <a 'java/lang/ClassNotFoundException'{0x0000000086ab6fe8}: org/gradle/api/internal/artifacts/dsl/DefaultRepositoryHandler_DecoratedCustomizer> (0x0000000086ab6fe8) 
thrown [s\src\hotspot\share\classfile\systemDictionary.cpp, line 256]
Event: 17.759 Thread 0x00000243b3cad820 Exception <a 'java/lang/ClassNotFoundException'{0x00000000869609c8}: org/gradle/api/internal/artifacts/dsl/dependencies/DefaultDependencyHandler_DecoratedBeanInfo> (0x00000000869609c8) 
thrown [s\src\hotspot\share\classfile\systemDictionary.cpp, line 256]
Event: 17.759 Thread 0x00000243b3cad820 Exception <a 'java/lang/ClassNotFoundException'{0x0000000086978a58}: org/gradle/api/internal/artifacts/dsl/dependencies/DefaultDependencyHandlerBeanInfo> (0x0000000086978a58) 
thrown [s\src\hotspot\share\classfile\systemDictionary.cpp, line 256]
Event: 17.760 Thread 0x00000243b3cad820 Exception <a 'java/lang/ClassNotFoundException'{0x0000000086991250}: org/gradle/api/internal/artifacts/dsl/dependencies/DefaultDependencyHandlerCustomizer> (0x0000000086991250) 
thrown [s\src\hotspot\share\classfile\systemDictionary.cpp, line 256]
Event: 17.761 Thread 0x00000243b3cad820 Exception <a 'java/lang/ClassNotFoundException'{0x00000000869d0eb8}: org/gradle/api/internal/artifacts/dsl/dependencies/DefaultDependencyHandler_DecoratedCustomizer> (0x00000000869d0eb8) 
thrown [s\src\hotspot\share\classfile\systemDictionary.cpp, line 256]
Event: 18.146 Thread 0x00000243b6187c10 Exception <a 'sun/nio/fs/WindowsException'{0x0000000088207e80}> (0x0000000088207e80) 
thrown [s\src\hotspot\share\prims\jni.cpp, line 516]
Event: 18.146 Thread 0x00000243b6187c10 Exception <a 'sun/nio/fs/WindowsException'{0x000000008820c698}> (0x000000008820c698) 
thrown [s\src\hotspot\share\prims\jni.cpp, line 516]
Event: 18.146 Thread 0x00000243b6187c10 Exception <a 'sun/nio/fs/WindowsException'{0x000000008820e9c0}> (0x000000008820e9c0) 
thrown [s\src\hotspot\share\prims\jni.cpp, line 516]
Event: 18.147 Thread 0x00000243b6187c10 Exception <a 'sun/nio/fs/WindowsException'{0x0000000088210960}> (0x0000000088210960) 
thrown [s\src\hotspot\share\prims\jni.cpp, line 516]
Event: 18.461 Thread 0x00000243b3cad820 Implicit null exception at 0x0000024388017eca to 0x0000024388018600
Event: 18.461 Thread 0x00000243b54fad00 Implicit null exception at 0x0000024388017eca to 0x0000024388018600
Event: 19.597 Thread 0x00000243b3cad820 Exception <a 'java/lang/ClassNotFoundException'{0x000000008ff7fab8}: build_74nr0l5rywmuo5b595o7nnx7fBeanInfo> (0x000000008ff7fab8) 
thrown [s\src\hotspot\share\classfile\systemDictionary.cpp, line 256]
Event: 19.597 Thread 0x00000243b3cad820 Exception <a 'java/lang/ClassNotFoundException'{0x000000008ff86d18}: build_74nr0l5rywmuo5b595o7nnx7fCustomizer> (0x000000008ff86d18) 
thrown [s\src\hotspot\share\classfile\systemDictionary.cpp, line 256]

VM Operations (20 events):
Event: 17.294 Executing VM operation: ICBufferFull
Event: 17.294 Executing VM operation: ICBufferFull done
Event: 17.779 Executing VM operation: HandshakeAllThreads
Event: 17.780 Executing VM operation: HandshakeAllThreads done
Event: 17.801 Executing VM operation: ICBufferFull
Event: 17.801 Executing VM operation: ICBufferFull done
Event: 17.829 Executing VM operation: G1CollectForAllocation
Event: 17.835 Executing VM operation: G1CollectForAllocation done
Event: 18.039 Executing VM operation: ICBufferFull
Event: 18.039 Executing VM operation: ICBufferFull done
Event: 18.171 Executing VM operation: ICBufferFull
Event: 18.187 Executing VM operation: ICBufferFull done
Event: 18.389 Executing VM operation: G1CollectForAllocation
Event: 18.396 Executing VM operation: G1CollectForAllocation done
Event: 18.628 Executing VM operation: G1CollectForAllocation
Event: 18.633 Executing VM operation: G1CollectForAllocation done
Event: 18.837 Executing VM operation: G1CollectForAllocation
Event: 18.840 Executing VM operation: G1CollectForAllocation done
Event: 19.187 Executing VM operation: G1CollectForAllocation
Event: 19.192 Executing VM operation: G1CollectForAllocation done

Events (20 events):
Event: 17.708 loading class org/xml/sax/Attributes done
Event: 17.734 loading class java/util/AbstractCollectionBeanInfo
Event: 17.734 loading class java/util/AbstractCollectionBeanInfo done
Event: 17.734 loading class java/util/AbstractCollectionBeanInfo
Event: 17.734 loading class java/util/AbstractCollectionBeanInfo done
Event: 17.734 loading class java/util/AbstractCollectionCustomizer
Event: 17.734 loading class java/util/AbstractCollectionCustomizer done
Event: 17.734 loading class java/util/AbstractCollectionCustomizer
Event: 17.734 loading class java/util/AbstractCollectionCustomizer done
Event: 17.735 loading class sun/reflect/generics/reflectiveObjects/GenericArrayTypeImpl
Event: 17.735 loading class sun/reflect/generics/reflectiveObjects/GenericArrayTypeImpl done
Event: 17.953 loading class java/util/Collections$ReverseComparator
Event: 17.953 loading class java/util/Collections$ReverseComparator done
Event: 17.953 loading class java/util/Collections$ReverseComparator2
Event: 17.953 loading class java/util/Collections$ReverseComparator2 done
Event: 18.097 Thread 0x00000243b2dd4ba0 Thread added: 0x00000243b2dd4ba0
Event: 18.097 Thread 0x00000243b2dd50b0 Thread added: 0x00000243b2dd50b0
Event: 18.097 Thread 0x00000243b2dd0ee0 Thread added: 0x00000243b2dd0ee0
Event: 18.110 Thread 0x00000243b2dd1900 Thread added: 0x00000243b2dd1900
Event: 19.589 Thread 0x00000243b2dd04c0 Thread added: 0x00000243b2dd04c0


Dynamic libraries:
0x00007ff6cffd0000 - 0x00007ff6cffde000 	C:\Program Files\Microsoft\jdk-17.0.8.7-hotspot\bin\java.exe
0x00007ffbd3090000 - 0x00007ffbd3288000 	C:\Windows\SYSTEM32\ntdll.dll
0x00007ffbd1580000 - 0x00007ffbd1642000 	C:\Windows\System32\KERNEL32.DLL
0x00007ffbd0a20000 - 0x00007ffbd0d1e000 	C:\Windows\System32\KERNELBASE.dll
0x00007ffbd0fb0000 - 0x00007ffbd10b0000 	C:\Windows\System32\ucrtbase.dll
0x00007ffb6bc10000 - 0x00007ffb6bc27000 	C:\Program Files\Microsoft\jdk-17.0.8.7-hotspot\bin\jli.dll
0x00007ffb6bbf0000 - 0x00007ffb6bc0b000 	C:\Program Files\Microsoft\jdk-17.0.8.7-hotspot\bin\VCRUNTIME140.dll
0x00007ffbd1b80000 - 0x00007ffbd1d1d000 	C:\Windows\System32\USER32.dll
0x00007ffbd0d20000 - 0x00007ffbd0d42000 	C:\Windows\System32\win32u.dll
0x00007ffbcfaf0000 - 0x00007ffbcfd8a000 	C:\Windows\WinSxS\amd64_microsoft.windows.common-controls_6595b64144ccf1df_6.0.19041.4355_none_60b8b9eb71f62e16\COMCTL32.dll
0x00007ffbd17c0000 - 0x00007ffbd17eb000 	C:\Windows\System32\GDI32.dll
0x00007ffbd0800000 - 0x00007ffbd0917000 	C:\Windows\System32\gdi32full.dll
0x00007ffbd0760000 - 0x00007ffbd07fd000 	C:\Windows\System32\msvcp_win.dll
0x00007ffbd2b40000 - 0x00007ffbd2bde000 	C:\Windows\System32\msvcrt.dll
0x00007ffbd1a80000 - 0x00007ffbd1aaf000 	C:\Windows\System32\IMM32.DLL
0x00007ffb71b10000 - 0x00007ffb71b1c000 	C:\Program Files\Microsoft\jdk-17.0.8.7-hotspot\bin\vcruntime140_1.dll
0x00007ffb6ba90000 - 0x00007ffb6bb1d000 	C:\Program Files\Microsoft\jdk-17.0.8.7-hotspot\bin\msvcp140.dll
0x00007ffb6ae20000 - 0x00007ffb6ba85000 	C:\Program Files\Microsoft\jdk-17.0.8.7-hotspot\bin\server\jvm.dll
0x00007ffbd1880000 - 0x00007ffbd1932000 	C:\Windows\System32\ADVAPI32.dll
0x00007ffbd1430000 - 0x00007ffbd14d0000 	C:\Windows\System32\sechost.dll
0x00007ffbd1950000 - 0x00007ffbd1a73000 	C:\Windows\System32\RPCRT4.dll
0x00007ffbd0730000 - 0x00007ffbd0757000 	C:\Windows\System32\bcrypt.dll
0x00007ffb6bbe0000 - 0x00007ffb6bbe9000 	C:\Windows\SYSTEM32\WSOCK32.dll
0x00007ffbd1b10000 - 0x00007ffbd1b7b000 	C:\Windows\System32\WS2_32.dll
0x00007ffbd0320000 - 0x00007ffbd036b000 	C:\Windows\SYSTEM32\POWRPROF.dll
0x00007ffbc96c0000 - 0x00007ffbc96e7000 	C:\Windows\SYSTEM32\WINMM.dll
0x00007ffbcb210000 - 0x00007ffbcb21a000 	C:\Windows\SYSTEM32\VERSION.dll
0x00007ffbcfd90000 - 0x00007ffbcfda2000 	C:\Windows\SYSTEM32\UMPDC.dll
0x00007ffbcdf50000 - 0x00007ffbcdf62000 	C:\Windows\SYSTEM32\kernel.appcore.dll
0x00007ffb6bbd0000 - 0x00007ffb6bbda000 	C:\Program Files\Microsoft\jdk-17.0.8.7-hotspot\bin\jimage.dll
0x00007ffbd0130000 - 0x00007ffbd0314000 	C:\Windows\SYSTEM32\DBGHELP.DLL
0x00007ffbcfec0000 - 0x00007ffbcfef4000 	C:\Windows\SYSTEM32\dbgcore.DLL
0x00007ffbd0920000 - 0x00007ffbd09a2000 	C:\Windows\System32\bcryptPrimitives.dll
0x00007ffb6ab70000 - 0x00007ffb6ab7e000 	C:\Program Files\Microsoft\jdk-17.0.8.7-hotspot\bin\instrument.dll
0x00007ffb6adf0000 - 0x00007ffb6ae15000 	C:\Program Files\Microsoft\jdk-17.0.8.7-hotspot\bin\java.dll
0x00007ffb6aba0000 - 0x00007ffb6ac77000 	C:\Program Files\Microsoft\jdk-17.0.8.7-hotspot\bin\jsvml.dll
0x00007ffbd23d0000 - 0x00007ffbd2b3f000 	C:\Windows\System32\SHELL32.dll
0x00007ffbce150000 - 0x00007ffbce8f4000 	C:\Windows\SYSTEM32\windows.storage.dll
0x00007ffbd1e50000 - 0x00007ffbd21a3000 	C:\Windows\System32\combase.dll
0x00007ffbcfa50000 - 0x00007ffbcfa7e000 	C:\Windows\SYSTEM32\Wldp.dll
0x00007ffbd1360000 - 0x00007ffbd142d000 	C:\Windows\System32\OLEAUT32.dll
0x00007ffbd1710000 - 0x00007ffbd17bd000 	C:\Windows\System32\SHCORE.dll
0x00007ffbd21b0000 - 0x00007ffbd2205000 	C:\Windows\System32\shlwapi.dll
0x00007ffbd0660000 - 0x00007ffbd0684000 	C:\Windows\SYSTEM32\profapi.dll
0x00007ffb6adb0000 - 0x00007ffb6adc8000 	C:\Program Files\Microsoft\jdk-17.0.8.7-hotspot\bin\zip.dll
0x00007ffb6bbb0000 - 0x00007ffb6bbc9000 	C:\Program Files\Microsoft\jdk-17.0.8.7-hotspot\bin\net.dll
0x00007ffbc9bd0000 - 0x00007ffbc9cdd000 	C:\Windows\SYSTEM32\WINHTTP.dll
0x00007ffbcf730000 - 0x00007ffbcf79a000 	C:\Windows\system32\mswsock.dll
0x00007ffb6add0000 - 0x00007ffb6ade6000 	C:\Program Files\Microsoft\jdk-17.0.8.7-hotspot\bin\nio.dll
0x00007ffb6ada0000 - 0x00007ffb6adb0000 	C:\Program Files\Microsoft\jdk-17.0.8.7-hotspot\bin\verify.dll
0x00007ffb6a970000 - 0x00007ffb6a997000 	C:\Users\pc\.gradle\native\c067742578af261105cb4f569cf0c3c89f3d7b1fecec35dd04571415982c5e48\windows-amd64\native-platform.dll
0x00007ffb6aa20000 - 0x00007ffb6ab64000 	C:\Users\pc\.gradle\native\100fb08df4bc3b14c8652ba06237920a3bd2aa13389f12d3474272988ae205f9\windows-amd64\native-platform-file-events.dll
0x00007ffb6ab90000 - 0x00007ffb6ab99000 	C:\Program Files\Microsoft\jdk-17.0.8.7-hotspot\bin\management.dll
0x00007ffb6ab80000 - 0x00007ffb6ab8b000 	C:\Program Files\Microsoft\jdk-17.0.8.7-hotspot\bin\management_ext.dll
0x00007ffbd23c0000 - 0x00007ffbd23c8000 	C:\Windows\System32\PSAPI.DLL
0x00007ffbd04a0000 - 0x00007ffbd04b8000 	C:\Windows\SYSTEM32\CRYPTSP.dll
0x00007ffbcf0d0000 - 0x00007ffbcf104000 	C:\Windows\system32\rsaenh.dll
0x00007ffbd0620000 - 0x00007ffbd064e000 	C:\Windows\SYSTEM32\USERENV.dll
0x00007ffbcf960000 - 0x00007ffbcf96c000 	C:\Windows\SYSTEM32\CRYPTBASE.dll
0x00007ffbcf490000 - 0x00007ffbcf4cb000 	C:\Windows\SYSTEM32\IPHLPAPI.DLL
0x00007ffbd17f0000 - 0x00007ffbd17f8000 	C:\Windows\System32\NSI.dll
0x00007ffbca940000 - 0x00007ffbca957000 	C:\Windows\SYSTEM32\dhcpcsvc6.DLL
0x00007ffbca920000 - 0x00007ffbca93d000 	C:\Windows\SYSTEM32\dhcpcsvc.DLL
0x00007ffbcf4d0000 - 0x00007ffbcf59a000 	C:\Windows\SYSTEM32\DNSAPI.dll
0x00007ffb6aa10000 - 0x00007ffb6aa1e000 	C:\Program Files\Microsoft\jdk-17.0.8.7-hotspot\bin\sunmscapi.dll
0x00007ffbd0e00000 - 0x00007ffbd0f5c000 	C:\Windows\System32\CRYPT32.dll
0x00007ffbcfac0000 - 0x00007ffbcfae7000 	C:\Windows\SYSTEM32\ncrypt.dll
0x00007ffbcfa80000 - 0x00007ffbcfabb000 	C:\Windows\SYSTEM32\NTASN1.dll
0x00007ffb6aa00000 - 0x00007ffb6aa07000 	C:\Windows\system32\wshunix.dll
0x00007ffbbea30000 - 0x00007ffbbea47000 	C:\Windows\system32\napinsp.dll
0x00007ffb93000000 - 0x00007ffb9301b000 	C:\Windows\system32\pnrpnsp.dll
0x00007ffbaf540000 - 0x00007ffbaf555000 	C:\Windows\system32\wshbth.dll
0x00007ffbcbaf0000 - 0x00007ffbcbb0d000 	C:\Windows\system32\NLAapi.dll
0x00007ffb92fe0000 - 0x00007ffb92ff2000 	C:\Windows\System32\winrnr.dll
0x00007ffbc7330000 - 0x00007ffbc733a000 	C:\Windows\System32\rasadhlp.dll
0x00007ffbc7ee0000 - 0x00007ffbc7f60000 	C:\Windows\System32\fwpuclnt.dll

dbghelp: loaded successfully - version: 4.0.5 - missing functions: none
symbol engine: initialized successfully - sym options: 0x614 - pdb path: .;C:\Program Files\Microsoft\jdk-17.0.8.7-hotspot\bin;C:\Windows\SYSTEM32;C:\Windows\WinSxS\amd64_microsoft.windows.common-controls_6595b64144ccf1df_6.0.19041.4355_none_60b8b9eb71f62e16;C:\Program Files\Microsoft\jdk-17.0.8.7-hotspot\bin\server;C:\Users\pc\.gradle\native\c067742578af261105cb4f569cf0c3c89f3d7b1fecec35dd04571415982c5e48\windows-amd64;C:\Users\pc\.gradle\native\100fb08df4bc3b14c8652ba06237920a3bd2aa13389f12d3474272988ae205f9\windows-amd64

VM Arguments:
jvm_args: -XX:MaxMetaspaceSize=512m --add-opens=java.base/java.util=ALL-UNNAMED --add-opens=java.base/java.lang=ALL-UNNAMED --add-opens=java.base/java.lang.invoke=ALL-UNNAMED --add-opens=java.prefs/java.util.prefs=ALL-UNNAMED --add-opens=java.base/java.nio.charset=ALL-UNNAMED --add-opens=java.base/java.net=ALL-UNNAMED --add-opens=java.base/java.util.concurrent.atomic=ALL-UNNAMED -Xmx2048m -Dfile.encoding=windows-1252 -Duser.country=US -Duser.language=en -Duser.variant -javaagent:C:\Users\pc\.gradle\wrapper\dists\gradle-8.8-all\6gdy1pgp427xkqcjbxw3ylt6h\gradle-8.8\lib\agents\gradle-instrumentation-agent-8.8.jar 
java_command: org.gradle.launcher.daemon.bootstrap.GradleDaemon 8.8
java_class_path (initial): C:\Users\pc\.gradle\wrapper\dists\gradle-8.8-all\6gdy1pgp427xkqcjbxw3ylt6h\gradle-8.8\lib\gradle-launcher-8.8.jar
Launcher Type: SUN_STANDARD

[Global flags]
     intx CICompilerCount                          = 3                                         {product} {ergonomic}
   size_t CompressedClassSpaceSize                 = 436207616                                 {product} {ergonomic}
     uint ConcGCThreads                            = 1                                         {product} {ergonomic}
     uint G1ConcRefinementThreads                  = 4                                         {product} {ergonomic}
   size_t G1HeapRegionSize                         = 1048576                                   {product} {ergonomic}
    uintx GCDrainStackTargetSize                   = 64                                        {product} {ergonomic}
   size_t InitialHeapSize                          = 268435456                                 {product} {ergonomic}
   size_t MarkStackSize                            = 4194304                                   {product} {ergonomic}
   size_t MaxHeapSize                              = 2147483648                                {product} {command line}
   size_t MaxMetaspaceSize                         = 536870912                                 {product} {command line}
   size_t MaxNewSize                               = 1287651328                                {product} {ergonomic}
   size_t MinHeapDeltaBytes                        = 1048576                                   {product} {ergonomic}
   size_t MinHeapSize                              = 8388608                                   {product} {ergonomic}
    uintx NonNMethodCodeHeapSize                   = 5832780                                {pd product} {ergonomic}
    uintx NonProfiledCodeHeapSize                  = 122912730                              {pd product} {ergonomic}
    uintx ProfiledCodeHeapSize                     = 122912730                              {pd product} {ergonomic}
    uintx ReservedCodeCacheSize                    = 251658240                              {pd product} {ergonomic}
     bool SegmentedCodeCache                       = true                                      {product} {ergonomic}
   size_t SoftMaxHeapSize                          = 2147483648                             {manageable} {ergonomic}
     bool UseCompressedClassPointers               = true                           {product lp64_product} {ergonomic}
     bool UseCompressedOops                        = true                           {product lp64_product} {ergonomic}
     bool UseG1GC                                  = true                                      {product} {ergonomic}
     bool UseLargePagesIndividualAllocation        = false                                  {pd product} {ergonomic}

Logging:
Log output configuration:
 #0: stdout all=warning uptime,level,tags
 #1: stderr all=off uptime,level,tags

Environment Variables:
JAVA_HOME=C:\Program Files\Microsoft\jdk-17.0.8.7-hotspot\
CLASSPATH=D:\Apps\OBDApp\android\\gradle\wrapper\gradle-wrapper.jar
PATH=D:\Apps\OBDApp\node_modules\.bin;D:\Apps\OBDApp\node_modules\.bin;D:\Apps\node_modules\.bin;D:\node_modules\.bin;C:\Program Files\nodejs\node_modules\npm\node_modules\@npmcli\run-script\lib\node-gyp-bin;C:\Program Files\Microsoft\jdk-17.0.8.7-hotspot\bin;C:\Windows\system32;C:\Windows;C:\Windows\System32\Wbem;C:\Windows\System32\WindowsPowerShell\v1.0\;C:\Windows\System32\OpenSSH\;C:\ProgramData\chocolatey\bin;C:\Program Files\nodejs\;C:\Program Files\Git\cmd;%LOCALAPPDATA%\Android\Sdk\platform-tools;C:\gradle\bin;C:\Users\pc\AppData\Local\Android\Sdk\tools;C:\Users\pc\AppData\Local\Android\Sdk\tools;C:\Users\pc\AppData\Local\Microsoft\WindowsApps;C:\Users\pc\AppData\Local\Programs\Microsoft VS Code\bin;C:\Users\pc\AppData\Roaming\npm;C:\Users\pc\AppData\Local\Android\Sdk\platform-tools;C:\Program Files\heroku\bin
USERNAME=pc
LANG=en_US.UTF-8
OS=Windows_NT
PROCESSOR_IDENTIFIER=Intel64 Family 6 Model 94 Stepping 3, GenuineIntel
TMP=C:\Users\pc\AppData\Local\Temp
TEMP=C:\Users\pc\AppData\Local\Temp



---------------  S Y S T E M  ---------------

OS:
 Windows 10 , 64 bit Build 19041 (10.0.19041.4957)
OS uptime: 0 days 17:52 hours

CPU: total 4 (initial active 4) (4 cores per cpu, 1 threads per core) family 6 model 94 stepping 3 microcode 0xf0, cx8, cmov, fxsr, mmx, 3dnowpref, sse, sse2, sse3, ssse3, sse4.1, sse4.2, popcnt, lzcnt, tsc, tscinvbit, avx, avx2, aes, erms, clmul, bmi1, bmi2, rtm, adx, fma, vzeroupper, clflush, clflushopt
Processor Information for all 4 processors :
  Max Mhz: 3312, Current Mhz: 3312, Mhz Limit: 3312

Memory: 4k page, system-wide physical 16275M (3405M free)
TotalPageFile size 26515M (AvailPageFile size 11901M)
current process WorkingSet (physical memory assigned to process): 408M, peak: 410M
current process commit charge ("private bytes"): 555M, peak: 559M

vm_info: OpenJDK 64-Bit Server VM (17.0.8+7-LTS) for windows-amd64 JRE (17.0.8+7-LTS), built on Jul  7 2023 17:21:55 by "MicrosoftCorporation" with MS VC++ 16.10 / 16.11 (VS2019)

END.
